Shinydex,Shiny Formdex,Location pick,Location,ID,Pokemon,,#,Origin pick,Origin,Method,Streak,Ability,Nature,IVs,Ball pick,Ball,Gender,OT,OT ID,Origin mark pick,Origin Mark,Alpha / Gigantamax / Tera Type,Marks,Ribbons,,,Notes
FALSE,FALSE,No,No,1,,Bulbasaur,0001,None,,,,,None,,None,,,,,None,,,,,,,
FALSE,FALSE,No,No,2,,Ivysaur,0002,None,,,,,None,,None,,,,,None,,,,,,,
FALSE,FALSE,No,No,3_m,,Venusaur ♂,0003,None,,,,,None,,None,,,,,None,,,,,,,
,FALSE,No,No,3_f,,Venusaur ♀,,None,,,,,None,,None,,,,,None,,,,,,,
FALSE,FALSE,No,No,4,,Charmander,0004,None,,,,,None,,None,,,,,None,,,,,,,
FALSE,FALSE,No,No,5,,Charmeleon,0005,None,,,,,None,,None,,,,,None,,,,,,,
FALSE,FALSE,No,No,6,,Charizard,0006,None,,,,,None,,None,,,,,None,,,,,,,
FALSE,FALSE,No,No,7,,Squirtle,0007,None,,,,,None,,None,,,,,None,,,,,,,
FALSE,FALSE,No,No,8,,Wartortle,0008,None,,,,,None,,None,,,,,None,,,,,,,
FALSE,FALSE,No,No,9,,Blastoise,0009,None,,,,,None,,None,,,,,None,,,,,,,
FALSE,FALSE,No,No,10,,Caterpie,0010,None,,,,,None,,None,,,,,None,,,,,,,
FALSE,FALSE,No,No,11,,Metapod,0011,None,,,,,None,,None,,,,,None,,,,,,,
FALSE,FALSE,No,No,12_m,,Butterfree ♂,0012,None,,,,,None,,None,,,,,None,,,,,,,
,FALSE,No,No,12_f,,Butterfree ♀,,None,,,,,None,,None,,,,,None,,,,,,,
FALSE,FALSE,No,No,13,,Weedle,0013,None,,,,,None,,None,,,,,None,,,,,,,
FALSE,FALSE,No,No,14,,Kakuna,0014,None,,,,,None,,None,,,,,None,,,,,,,
FALSE,FALSE,No,No,15,,Beedrill,0015,None,,,,,None,,None,,,,,None,,,,,,,
FALSE,FALSE,No,No,16,,Pidgey,0016,None,,,,,None,,None,,,,,None,,,,,,,
FALSE,FALSE,No,No,17,,Pidgeotto,0017,None,,,,,None,,None,,,,,None,,,,,,,
FALSE,FALSE,No,No,18,,Pidgeot,0018,None,,,,,None,,None,,,,,None,,,,,,,
FALSE,FALSE,No,No,19_m,,Rattata ♂,0019,None,,,,,None,,None,,,,,None,,,,,,,
,FALSE,No,No,19_f,,Rattata ♀,,None,,,,,None,,None,,,,,None,,,,,,,
,FALSE,No,No,19_a,,Alolan Rattata,,None,,,,,None,,None,,,,,None,,,,,,,
FALSE,FALSE,No,No,20_m,,Raticate ♂,0020,None,,,,,None,,None,,,,,None,,,,,,,
,FALSE,No,No,20_f,,Raticate ♀,,None,,,,,None,,None,,,,,None,,,,,,,
,FALSE,No,No,20_a,,Alolan Raticate,,None,,,,,None,,None,,,,,None,,,,,,,
FALSE,FALSE,No,No,21,,Spearow,0021,None,,,,,None,,None,,,,,None,,,,,,,
FALSE,FALSE,No,No,22,,Fearow,0022,None,,,,,None,,None,,,,,None,,,,,,,
FALSE,FALSE,No,No,23,,Ekans,0023,None,,,,,None,,None,,,,,None,,,,,,,
FALSE,FALSE,No,No,24,,Arbok,0024,None,,,,,None,,None,,,,,None,,,,,,,
FALSE,FALSE,No,No,25_m,,Pikachu ♂,0025,None,,,,,None,,None,,,,,None,,,,,,,
,FALSE,No,No,25_f,,Pikachu ♀,,None,,,,,None,,None,,,,,None,,,,,,,
FALSE,FALSE,No,No,26_m,,Raichu ♂,0026,None,,,,,None,,None,,,,,None,,,,,,,
,FALSE,No,No,26_f,,Raichu ♀,,None,,,,,None,,None,,,,,None,,,,,,,
,FALSE,No,No,26_a,,Alolan Raichu,,None,,,,,None,,None,,,,,None,,,,,,,
FALSE,FALSE,No,No,27,,Sandshrew,0027,None,,,,,None,,None,,,,,None,,,,,,,
,FALSE,No,No,27_a,,Alolan Sandshrew,,None,,,,,None,,None,,,,,None,,,,,,,
FALSE,FALSE,No,No,28,,Sandslash,0028,None,,,,,None,,None,,,,,None,,,,,,,
,FALSE,No,No,28_a,,Alolan Sandslash,,None,,,,,None,,None,,,,,None,,,,,,,
FALSE,FALSE,No,No,29,,Nidoran♀,0029,None,,,,,None,,None,,,,,None,,,,,,,
FALSE,FALSE,No,No,30,,Nidorina,0030,None,,,,,None,,None,,,,,None,,,,,,,
FALSE,FALSE,No,No,31,,Nidoqueen,0031,None,,,,,None,,None,,,,,None,,,,,,,
FALSE,FALSE,No,No,32,,Nidoran♂,0032,None,,,,,None,,None,,,,,None,,,,,,,
FALSE,FALSE,No,No,33,,Nidorino,0033,None,,,,,None,,None,,,,,None,,,,,,,
FALSE,FALSE,No,No,34,,Nidoking,0034,None,,,,,None,,None,,,,,None,,,,,,,
FALSE,FALSE,No,No,35,,Clefairy,0035,None,,,,,None,,None,,,,,None,,,,,,,
FALSE,FALSE,No,No,36,,Clefable,0036,None,,,,,None,,None,,,,,None,,,,,,,
FALSE,FALSE,No,No,37,,Vulpix,0037,None,,,,,None,,None,,,,,None,,,,,,,
,FALSE,No,No,37_a,,Alolan Vulpix,,None,,,,,None,,None,,,,,None,,,,,,,
FALSE,FALSE,No,No,38,,Ninetales,0038,None,,,,,None,,None,,,,,None,,,,,,,
,FALSE,No,No,38_a,,Alolan Ninetales,,None,,,,,None,,None,,,,,None,,,,,,,
FALSE,FALSE,No,No,39,,Jigglypuff,0039,None,,,,,None,,None,,,,,None,,,,,,,
FALSE,FALSE,No,No,40,,Wigglytuff,0040,None,,,,,None,,None,,,,,None,,,,,,,
FALSE,FALSE,No,No,41_m,,Zubat ♂,0041,None,,,,,None,,None,,,,,None,,,,,,,
,FALSE,No,No,41_f,,Zubat ♀,,None,,,,,None,,None,,,,,None,,,,,,,
FALSE,FALSE,No,No,42_m,,Golbat ♂,0042,None,,,,,None,,None,,,,,None,,,,,,,
,FALSE,No,No,42_f,,Golbat ♀,,None,,,,,None,,None,,,,,None,,,,,,,
FALSE,FALSE,No,No,43,,Oddish,0043,None,,,,,None,,None,,,,,None,,,,,,,
FALSE,FALSE,No,No,44_m,,Gloom ♂,0044,None,,,,,None,,None,,,,,None,,,,,,,
,FALSE,No,No,44_f,,Gloom ♀,,None,,,,,None,,None,,,,,None,,,,,,,
FALSE,FALSE,No,No,45_m,,Vileplume ♂,0045,None,,,,,None,,None,,,,,None,,,,,,,
,FALSE,No,No,45_f,,Vileplume ♀,,None,,,,,None,,None,,,,,None,,,,,,,
FALSE,FALSE,No,No,46,,Paras,0046,None,,,,,None,,None,,,,,None,,,,,,,
FALSE,FALSE,No,No,47,,Parasect,0047,None,,,,,None,,None,,,,,None,,,,,,,
FALSE,FALSE,No,No,48,,Venonat,0048,None,,,,,None,,None,,,,,None,,,,,,,
FALSE,FALSE,No,No,49,,Venomoth,0049,None,,,,,None,,None,,,,,None,,,,,,,
FALSE,FALSE,No,No,50,,Diglett,0050,None,,,,,None,,None,,,,,None,,,,,,,
,FALSE,No,No,50_a,,Alolan Diglett,,None,,,,,None,,None,,,,,None,,,,,,,
FALSE,FALSE,No,No,51,,Dugtrio,0051,None,,,,,None,,None,,,,,None,,,,,,,
,FALSE,No,No,51_a,,Alolan Dugtrio,,None,,,,,None,,None,,,,,None,,,,,,,
FALSE,FALSE,No,No,52,,Meowth,0052,None,,,,,None,,None,,,,,None,,,,,,,
,FALSE,No,No,52_a,,Alolan Meowth,,None,,,,,None,,None,,,,,None,,,,,,,
,FALSE,No,No,52_g,,Galarian Meowth,,None,,,,,None,,None,,,,,None,,,,,,,
FALSE,FALSE,No,No,53,,Persian,0053,None,,,,,None,,None,,,,,None,,,,,,,
,FALSE,No,No,53_a,,Alolan Persian,,None,,,,,None,,None,,,,,None,,,,,,,
FALSE,FALSE,No,No,54,,Psyduck,0054,None,,,,,None,,None,,,,,None,,,,,,,
FALSE,FALSE,No,No,55,,Golduck,0055,None,,,,,None,,None,,,,,None,,,,,,,
FALSE,FALSE,No,No,56,,Mankey,0056,None,,,,,None,,None,,,,,None,,,,,,,
FALSE,FALSE,No,No,57,,Primeape,0057,None,,,,,None,,None,,,,,None,,,,,,,
FALSE,FALSE,No,No,58,,Growlithe,0058,None,,,,,None,,None,,,,,None,,,,,,,
,FALSE,No,No,58_h,,Hisuian Growlithe,,None,,,,,None,,None,,,,,None,,,,,,,
FALSE,FALSE,No,No,59,,Arcanine,0059,None,,,,,None,,None,,,,,None,,,,,,,
,FALSE,No,No,59_h,,Hisuian Arcanine,,None,,,,,None,,None,,,,,None,,,,,,,
FALSE,FALSE,No,No,60,,Poliwag,0060,None,,,,,None,,None,,,,,None,,,,,,,
FALSE,FALSE,No,No,61,,Poliwhirl,0061,None,,,,,None,,None,,,,,None,,,,,,,
FALSE,FALSE,No,No,62,,Poliwrath,0062,None,,,,,None,,None,,,,,None,,,,,,,
FALSE,FALSE,No,No,63,,Abra,0063,None,,,,,None,,None,,,,,None,,,,,,,
FALSE,FALSE,No,No,64_m,,Kadabra ♂,0064,None,,,,,None,,None,,,,,None,,,,,,,
,FALSE,No,No,64_f,,Kadabra ♀,,None,,,,,None,,None,,,,,None,,,,,,,
FALSE,FALSE,No,No,65_m,,Alakazam ♂,0065,None,,,,,None,,None,,,,,None,,,,,,,
,FALSE,No,No,65_f,,Alakazam ♀,,None,,,,,None,,None,,,,,None,,,,,,,
FALSE,FALSE,No,No,66,,Machop,0066,None,,,,,None,,None,,,,,None,,,,,,,
FALSE,FALSE,No,No,67,,Machoke,0067,None,,,,,None,,None,,,,,None,,,,,,,
FALSE,FALSE,No,No,68,,Machamp,0068,None,,,,,None,,None,,,,,None,,,,,,,
FALSE,FALSE,No,No,69,,Bellsprout,0069,None,,,,,None,,None,,,,,None,,,,,,,
FALSE,FALSE,No,No,70,,Weepinbell,0070,None,,,,,None,,None,,,,,None,,,,,,,
FALSE,FALSE,No,No,71,,Victreebel,0071,None,,,,,None,,None,,,,,None,,,,,,,
FALSE,FALSE,No,No,72,,Tentacool,0072,None,,,,,None,,None,,,,,None,,,,,,,
FALSE,FALSE,No,No,73,,Tentacruel,0073,None,,,,,None,,None,,,,,None,,,,,,,
FALSE,FALSE,No,No,74,,Geodude,0074,None,,,,,None,,None,,,,,None,,,,,,,
,FALSE,No,No,74_a,,Alolan Geodude,,None,,,,,None,,None,,,,,None,,,,,,,
FALSE,FALSE,No,No,75,,Graveler,0075,None,,,,,None,,None,,,,,None,,,,,,,
,FALSE,No,No,75_a,,Alolan Graveler,,None,,,,,None,,None,,,,,None,,,,,,,
FALSE,FALSE,No,No,76,,Golem,0076,None,,,,,None,,None,,,,,None,,,,,,,
,FALSE,No,No,76_a,,Alolan Golem,,None,,,,,None,,None,,,,,None,,,,,,,
FALSE,FALSE,No,No,77,,Ponyta,0077,None,,,,,None,,None,,,,,None,,,,,,,
,FALSE,No,No,77_g,,Galarian Ponyta,,None,,,,,None,,None,,,,,None,,,,,,,
FALSE,FALSE,No,No,78,,Rapidash,0078,None,,,,,None,,None,,,,,None,,,,,,,
,FALSE,No,No,78_g,,Galarian Rapidash,,None,,,,,None,,None,,,,,None,,,,,,,
FALSE,FALSE,No,No,79,,Slowpoke,0079,None,,,,,None,,None,,,,,None,,,,,,,
,FALSE,No,No,79_g,,Galarian Slowpoke,,None,,,,,None,,None,,,,,None,,,,,,,
FALSE,FALSE,No,No,80,,Slowbro,0080,None,,,,,None,,None,,,,,None,,,,,,,
,FALSE,No,No,80_g,,Galarian Slowbro,,None,,,,,None,,None,,,,,None,,,,,,,
FALSE,FALSE,No,No,81,,Magnemite,0081,None,,,,,None,,None,,,,,None,,,,,,,
FALSE,FALSE,No,No,82,,Magneton,0082,None,,,,,None,,None,,,,,None,,,,,,,
FALSE,FALSE,No,No,83,,Farfetch'd,0083,None,,,,,None,,None,,,,,None,,,,,,,
,FALSE,No,No,83_g,,Galarian Farfetch'd,,None,,,,,None,,None,,,,,None,,,,,,,
FALSE,FALSE,No,No,84_m,,Doduo ♂,0084,None,,,,,None,,None,,,,,None,,,,,,,
,FALSE,No,No,84_f,,Doduo ♀,,None,,,,,None,,None,,,,,None,,,,,,,
FALSE,FALSE,No,No,85_m,,Dodrio ♂,0085,None,,,,,None,,None,,,,,None,,,,,,,
,FALSE,No,No,85_f,,Dodrio ♀,,None,,,,,None,,None,,,,,None,,,,,,,
FALSE,FALSE,No,No,86,,Seel,0086,None,,,,,None,,None,,,,,None,,,,,,,
FALSE,FALSE,No,No,87,,Dewgong,0087,None,,,,,None,,None,,,,,None,,,,,,,
FALSE,FALSE,No,No,88,,Grimer,0088,None,,,,,None,,None,,,,,None,,,,,,,
,FALSE,No,No,88_a,,Alolan Grimer,,None,,,,,None,,None,,,,,None,,,,,,,
FALSE,FALSE,No,No,89,,Muk,0089,None,,,,,None,,None,,,,,None,,,,,,,
,FALSE,No,No,89_a,,Alolan Muk,,None,,,,,None,,None,,,,,None,,,,,,,
FALSE,FALSE,No,No,90,,Shellder,0090,None,,,,,None,,None,,,,,None,,,,,,,
FALSE,FALSE,No,No,91,,Cloyster,0091,None,,,,,None,,None,,,,,None,,,,,,,
FALSE,FALSE,No,No,92,,Gastly,0092,None,,,,,None,,None,,,,,None,,,,,,,
FALSE,FALSE,No,No,93,,Haunter,0093,None,,,,,None,,None,,,,,None,,,,,,,
FALSE,FALSE,No,No,94,,Gengar,0094,None,,,,,None,,None,,,,,None,,,,,,,
FALSE,FALSE,No,No,95,,Onix,0095,None,,,,,None,,None,,,,,None,,,,,,,
FALSE,FALSE,No,No,96,,Drowzee,0096,None,,,,,None,,None,,,,,None,,,,,,,
FALSE,FALSE,No,No,97_m,,Hypno ♂,0097,None,,,,,None,,None,,,,,None,,,,,,,
,FALSE,No,No,97_f,,Hypno ♀,,None,,,,,None,,None,,,,,None,,,,,,,
FALSE,FALSE,No,No,98,,Krabby,0098,None,,,,,None,,None,,,,,None,,,,,,,
FALSE,FALSE,No,No,99,,Kingler,0099,None,,,,,None,,None,,,,,None,,,,,,,
FALSE,FALSE,No,No,100,,Voltorb,0100,None,,,,,None,,None,,,,,None,,,,,,,
,FALSE,No,No,100_h,,Hisuian Voltorb,,None,,,,,None,,None,,,,,None,,,,,,,
FALSE,FALSE,No,No,101,,Electrode,0101,None,,,,,None,,None,,,,,None,,,,,,,
,FALSE,No,No,101_h,,Hisuian Electrode,,None,,,,,None,,None,,,,,None,,,,,,,
FALSE,FALSE,No,No,102,,Exeggcute,0102,None,,,,,None,,None,,,,,None,,,,,,,
FALSE,FALSE,No,No,103,,Exeggutor,0103,None,,,,,None,,None,,,,,None,,,,,,,
,FALSE,No,No,103_a,,Alolan Exeggutor,,None,,,,,None,,None,,,,,None,,,,,,,
FALSE,FALSE,No,No,104,,Cubone,0104,None,,,,,None,,None,,,,,None,,,,,,,
FALSE,FALSE,No,No,105,,Marowak,0105,None,,,,,None,,None,,,,,None,,,,,,,
,FALSE,No,No,105_a,,Alolan Marowak,,None,,,,,None,,None,,,,,None,,,,,,,
FALSE,FALSE,No,No,106,,Hitmonlee,0106,None,,,,,None,,None,,,,,None,,,,,,,
FALSE,FALSE,No,No,107,,Hitmonchan,0107,None,,,,,None,,None,,,,,None,,,,,,,
FALSE,FALSE,No,No,108,,Lickitung,0108,None,,,,,None,,None,,,,,None,,,,,,,
FALSE,FALSE,No,No,109,,Koffing,0109,None,,,,,None,,None,,,,,None,,,,,,,
FALSE,FALSE,No,No,110,,Weezing,0110,None,,,,,None,,None,,,,,None,,,,,,,
,FALSE,No,No,110_g,,Galarian Weezing,,None,,,,,None,,None,,,,,None,,,,,,,
FALSE,FALSE,No,No,111_m,,Rhyhorn ♂,0111,None,,,,,None,,None,,,,,None,,,,,,,
,FALSE,No,No,111_f,,Rhyhorn ♀,,None,,,,,None,,None,,,,,None,,,,,,,
FALSE,FALSE,No,No,112_m,,Rhydon ♂,0112,None,,,,,None,,None,,,,,None,,,,,,,
,FALSE,No,No,112_f,,Rhydon ♀,,None,,,,,None,,None,,,,,None,,,,,,,
FALSE,FALSE,No,No,113,,Chansey,0113,None,,,,,None,,None,,,,,None,,,,,,,
FALSE,FALSE,No,No,114,,Tangela,0114,None,,,,,None,,None,,,,,None,,,,,,,
FALSE,FALSE,No,No,115,,Kangaskhan,0115,None,,,,,None,,None,,,,,None,,,,,,,
FALSE,FALSE,No,No,116,,Horsea,0116,None,,,,,None,,None,,,,,None,,,,,,,
FALSE,FALSE,No,No,117,,Seadra,0117,None,,,,,None,,None,,,,,None,,,,,,,
FALSE,FALSE,No,No,118_m,,Goldeen ♂,0118,None,,,,,None,,None,,,,,None,,,,,,,
,FALSE,No,No,118_f,,Goldeen ♀,,None,,,,,None,,None,,,,,None,,,,,,,
FALSE,FALSE,No,No,119_m,,Seaking ♂,0119,None,,,,,None,,None,,,,,None,,,,,,,
,FALSE,No,No,119_f,,Seaking ♀,,None,,,,,None,,None,,,,,None,,,,,,,
FALSE,FALSE,No,No,120,,Staryu,0120,None,,,,,None,,None,,,,,None,,,,,,,
FALSE,FALSE,No,No,121,,Starmie,0121,None,,,,,None,,None,,,,,None,,,,,,,
FALSE,FALSE,No,No,122,,Mr. Mime,0122,None,,,,,None,,None,,,,,None,,,,,,,
,FALSE,No,No,122_g,,Galarian Mr. Mime,,None,,,,,None,,None,,,,,None,,,,,,,
FALSE,FALSE,No,No,123_m,,Scyther ♂,0123,None,,,,,None,,None,,,,,None,,,,,,,
,FALSE,No,No,123_f,,Scyther ♀,,None,,,,,None,,None,,,,,None,,,,,,,
FALSE,FALSE,No,No,124,,Jynx,0124,None,,,,,None,,None,,,,,None,,,,,,,
FALSE,FALSE,No,No,125,,Electabuzz,0125,None,,,,,None,,None,,,,,None,,,,,,,
FALSE,FALSE,No,No,126,,Magmar,0126,None,,,,,None,,None,,,,,None,,,,,,,
FALSE,FALSE,No,No,127,,Pinsir,0127,None,,,,,None,,None,,,,,None,,,,,,,
FALSE,FALSE,No,No,128,,Tauros,0128,None,,,,,None,,None,,,,,None,,,,,,,
,FALSE,No,No,128_p,,Paldean Tauros,,None,,,,,None,,None,,,,,None,,,,,,,
,FALSE,No,No,128_pb,,Paldean Blaze Tauros,,None,,,,,None,,None,,,,,None,,,,,,,
,FALSE,No,No,128_pa,,Paldean Aqua Tauros,,None,,,,,None,,None,,,,,None,,,,,,,
FALSE,FALSE,No,No,129_m,,Magikarp ♂,0129,None,,,,,None,,None,,,,,None,,,,,,,
,FALSE,No,No,129_f,,Magikarp ♀,,None,,,,,None,,None,,,,,None,,,,,,,
FALSE,FALSE,No,No,130_m,,Gyarados ♂,0130,None,,,,,None,,None,,,,,None,,,,,,,
,FALSE,No,No,130_f,,Gyarados ♀,,None,,,,,None,,None,,,,,None,,,,,,,
FALSE,FALSE,No,No,131,,Lapras,0131,None,,,,,None,,None,,,,,None,,,,,,,
FALSE,FALSE,No,No,132,,Ditto,0132,None,,,,,None,,None,,,,,None,,,,,,,
FALSE,FALSE,No,No,133_m,,Eevee ♂,0133,None,,,,,None,,None,,,,,None,,,,,,,
,FALSE,No,No,133_f,,Eevee ♀,,None,,,,,None,,None,,,,,None,,,,,,,
FALSE,FALSE,No,No,134,,Vaporeon,0134,None,,,,,None,,None,,,,,None,,,,,,,
FALSE,FALSE,No,No,135,,Jolteon,0135,None,,,,,None,,None,,,,,None,,,,,,,
FALSE,FALSE,No,No,136,,Flareon,0136,None,,,,,None,,None,,,,,None,,,,,,,
FALSE,FALSE,No,No,137,,Porygon,0137,None,,,,,None,,None,,,,,None,,,,,,,
FALSE,FALSE,No,No,138,,Omanyte,0138,None,,,,,None,,None,,,,,None,,,,,,,
FALSE,FALSE,No,No,139,,Omastar,0139,None,,,,,None,,None,,,,,None,,,,,,,
FALSE,FALSE,No,No,140,,Kabuto,0140,None,,,,,None,,None,,,,,None,,,,,,,
FALSE,FALSE,No,No,141,,Kabutops,0141,None,,,,,None,,None,,,,,None,,,,,,,
FALSE,FALSE,No,No,142,,Aerodactyl,0142,None,,,,,None,,None,,,,,None,,,,,,,
FALSE,FALSE,No,No,143,,Snorlax,0143,None,,,,,None,,None,,,,,None,,,,,,,
FALSE,FALSE,No,No,144,,Articuno,0144,None,,,,,None,,None,,,,,None,,,,,,,
,FALSE,No,No,144_g,,Galarian Articuno,,None,,,,,None,,None,,,,,None,,,,,,,
FALSE,FALSE,No,No,145,,Zapdos,0145,None,,,,,None,,None,,,,,None,,,,,,,
,FALSE,No,No,145_g,,Galarian Zapdos,,None,,,,,None,,None,,,,,None,,,,,,,
FALSE,FALSE,No,No,146,,Moltres,0146,None,,,,,None,,None,,,,,None,,,,,,,
,FALSE,No,No,146_g,,Galarian Moltres,,None,,,,,None,,None,,,,,None,,,,,,,
FALSE,FALSE,No,No,147,,Dratini,0147,None,,,,,None,,None,,,,,None,,,,,,,
FALSE,FALSE,No,No,148,,Dragonair,0148,None,,,,,None,,None,,,,,None,,,,,,,
FALSE,FALSE,No,No,149,,Dragonite,0149,None,,,,,None,,None,,,,,None,,,,,,,
FALSE,FALSE,No,No,150,,Mewtwo,0150,None,,,,,None,,None,,,,,None,,,,,,,
FALSE,FALSE,No,No,151,,Mew,0151,None,,,,,None,,None,,,,,None,,,,,,,
FALSE,FALSE,No,No,152,,Chikorita,0152,None,,,,,None,,None,,,,,None,,,,,,,
FALSE,FALSE,No,No,153,,Bayleef,0153,None,,,,,None,,None,,,,,None,,,,,,,
FALSE,FALSE,No,No,154_m,,Meganium ♂,0154,None,,,,,None,,None,,,,,None,,,,,,,
,FALSE,No,No,154_f,,Meganium ♀,,None,,,,,None,,None,,,,,None,,,,,,,
FALSE,FALSE,No,No,155,,Cyndaquil,0155,None,,,,,None,,None,,,,,None,,,,,,,
FALSE,FALSE,No,No,156,,Quilava,0156,None,,,,,None,,None,,,,,None,,,,,,,
FALSE,FALSE,No,No,157,,Typhlosion,0157,None,,,,,None,,None,,,,,None,,,,,,,
,FALSE,No,No,157_h,,Hisuian Typhlosion,,None,,,,,None,,None,,,,,None,,,,,,,
FALSE,FALSE,No,No,158,,Totodile,0158,None,,,,,None,,None,,,,,None,,,,,,,
FALSE,FALSE,No,No,159,,Croconaw,0159,None,,,,,None,,None,,,,,None,,,,,,,
FALSE,FALSE,No,No,160,,Feraligatr,0160,None,,,,,None,,None,,,,,None,,,,,,,
FALSE,FALSE,No,No,161,,Sentret,0161,None,,,,,None,,None,,,,,None,,,,,,,
FALSE,FALSE,No,No,162,,Furret,0162,None,,,,,None,,None,,,,,None,,,,,,,
FALSE,FALSE,No,No,163,,Hoothoot,0163,None,,,,,None,,None,,,,,None,,,,,,,
FALSE,FALSE,No,No,164,,Noctowl,0164,None,,,,,None,,None,,,,,None,,,,,,,
FALSE,FALSE,No,No,165_m,,Ledyba ♂,0165,None,,,,,None,,None,,,,,None,,,,,,,
,FALSE,No,No,165_f,,Ledyba ♀,,None,,,,,None,,None,,,,,None,,,,,,,
FALSE,FALSE,No,No,166_m,,Ledian ♂,0166,None,,,,,None,,None,,,,,None,,,,,,,
,FALSE,No,No,166_f,,Ledian ♀,,None,,,,,None,,None,,,,,None,,,,,,,
FALSE,FALSE,No,No,167,,Spinarak,0167,None,,,,,None,,None,,,,,None,,,,,,,
FALSE,FALSE,No,No,168,,Ariados,0168,None,,,,,None,,None,,,,,None,,,,,,,
FALSE,FALSE,No,No,169,,Crobat,0169,None,,,,,None,,None,,,,,None,,,,,,,
FALSE,FALSE,No,No,170,,Chinchou,0170,None,,,,,None,,None,,,,,None,,,,,,,
FALSE,FALSE,No,No,171,,Lanturn,0171,None,,,,,None,,None,,,,,None,,,,,,,
FALSE,FALSE,No,No,172,,Pichu,0172,None,,,,,None,,None,,,,,None,,,,,,,
FALSE,FALSE,No,No,173,,Cleffa,0173,None,,,,,None,,None,,,,,None,,,,,,,
FALSE,FALSE,No,No,174,,Igglybuff,0174,None,,,,,None,,None,,,,,None,,,,,,,
FALSE,FALSE,No,No,175,,Togepi,0175,None,,,,,None,,None,,,,,None,,,,,,,
FALSE,FALSE,No,No,176,,Togetic,0176,None,,,,,None,,None,,,,,None,,,,,,,
FALSE,FALSE,No,No,177,,Natu,0177,None,,,,,None,,None,,,,,None,,,,,,,
FALSE,FALSE,No,No,178_m,,Xatu ♂,0178,None,,,,,None,,None,,,,,None,,,,,,,
,FALSE,No,No,178_f,,Xatu ♀,,None,,,,,None,,None,,,,,None,,,,,,,
FALSE,FALSE,No,No,179,,Mareep,0179,None,,,,,None,,None,,,,,None,,,,,,,
FALSE,FALSE,No,No,180,,Flaaffy,0180,None,,,,,None,,None,,,,,None,,,,,,,
FALSE,FALSE,No,No,181,,Ampharos,0181,None,,,,,None,,None,,,,,None,,,,,,,
FALSE,FALSE,No,No,182,,Bellossom,0182,None,,,,,None,,None,,,,,None,,,,,,,
FALSE,FALSE,No,No,183,,Marill,0183,None,,,,,None,,None,,,,,None,,,,,,,
FALSE,FALSE,No,No,184,,Azumarill,0184,None,,,,,None,,None,,,,,None,,,,,,,
FALSE,FALSE,No,No,185_m,,Sudowoodo ♂,0185,None,,,,,None,,None,,,,,None,,,,,,,
,FALSE,No,No,185_f,,Sudowoodo ♀,,None,,,,,None,,None,,,,,None,,,,,,,
FALSE,FALSE,No,No,186_m,,Politoed ♂,0186,None,,,,,None,,None,,,,,None,,,,,,,
,FALSE,No,No,186_f,,Politoed ♀,,None,,,,,None,,None,,,,,None,,,,,,,
FALSE,FALSE,No,No,187,,Hoppip,0187,None,,,,,None,,None,,,,,None,,,,,,,
FALSE,FALSE,No,No,188,,Skiploom,0188,None,,,,,None,,None,,,,,None,,,,,,,
FALSE,FALSE,No,No,189,,Jumpluff,0189,None,,,,,None,,None,,,,,None,,,,,,,
FALSE,FALSE,No,No,190_m,,Aipom ♂,0190,None,,,,,None,,None,,,,,None,,,,,,,
,FALSE,No,No,190_f,,Aipom ♀,,None,,,,,None,,None,,,,,None,,,,,,,
FALSE,FALSE,No,No,191,,Sunkern,0191,None,,,,,None,,None,,,,,None,,,,,,,
FALSE,FALSE,No,No,192,,Sunflora,0192,None,,,,,None,,None,,,,,None,,,,,,,
FALSE,FALSE,No,No,193,,Yanma,0193,None,,,,,None,,None,,,,,None,,,,,,,
FALSE,FALSE,No,No,194_m,,Wooper ♂,0194,None,,,,,None,,None,,,,,None,,,,,,,
,FALSE,No,No,194_f,,Wooper ♀,,None,,,,,None,,None,,,,,None,,,,,,,
,FALSE,No,No,194_p,,Paldean Wooper,,None,,,,,None,,None,,,,,None,,,,,,,
FALSE,FALSE,No,No,195_m,,Quagsire ♂,0195,None,,,,,None,,None,,,,,None,,,,,,,
,FALSE,No,No,195_f,,Quagsire ♀,,None,,,,,None,,None,,,,,None,,,,,,,
FALSE,FALSE,No,No,196,,Espeon,0196,None,,,,,None,,None,,,,,None,,,,,,,
FALSE,FALSE,No,No,197,,Umbreon,0197,None,,,,,None,,None,,,,,None,,,,,,,
FALSE,FALSE,No,No,198_m,,Murkrow ♂,0198,None,,,,,None,,None,,,,,None,,,,,,,
,FALSE,No,No,198_f,,Murkrow ♀,,None,,,,,None,,None,,,,,None,,,,,,,
FALSE,FALSE,No,No,199,,Slowking,0199,None,,,,,None,,None,,,,,None,,,,,,,
,FALSE,No,No,199_g,,Galarian Slowking,,None,,,,,None,,None,,,,,None,,,,,,,
FALSE,FALSE,No,No,200,,Misdreavus,0200,None,,,,,None,,None,,,,,None,,,,,,,
FALSE,FALSE,No,No,201_a,,Unown A,0201,None,,,,,None,,None,,,,,None,,,,,,,
,FALSE,No,No,201_b,,Unown B,,None,,,,,None,,None,,,,,None,,,,,,,
,FALSE,No,No,201_c,,Unown C,,None,,,,,None,,None,,,,,None,,,,,,,
,FALSE,No,No,201_d,,Unown D,,None,,,,,None,,None,,,,,None,,,,,,,
,FALSE,No,No,201_e,,Unown E,,None,,,,,None,,None,,,,,None,,,,,,,
,FALSE,No,No,201_f,,Unown F,,None,,,,,None,,None,,,,,None,,,,,,,
,FALSE,No,No,201_g,,Unown G,,None,,,,,None,,None,,,,,None,,,,,,,
,FALSE,No,No,201_h,,Unown H,,None,,,,,None,,None,,,,,None,,,,,,,
,FALSE,No,No,201_i,,Unown I,,None,,,,,None,,None,,,,,None,,,,,,,
,FALSE,No,No,201_j,,Unown J,,None,,,,,None,,None,,,,,None,,,,,,,
,FALSE,No,No,201_k,,Unown K,,None,,,,,None,,None,,,,,None,,,,,,,
,FALSE,No,No,201_l,,Unown L,,None,,,,,None,,None,,,,,None,,,,,,,
,FALSE,No,No,201_m,,Unown M,,None,,,,,None,,None,,,,,None,,,,,,,
,FALSE,No,No,201_n,,Unown N,,None,,,,,None,,None,,,,,None,,,,,,,
,FALSE,No,No,201_o,,Unown O,,None,,,,,None,,None,,,,,None,,,,,,,
,FALSE,No,No,201_p,,Unown P,,None,,,,,None,,None,,,,,None,,,,,,,
,FALSE,No,No,201_q,,Unown Q,,None,,,,,None,,None,,,,,None,,,,,,,
,FALSE,No,No,201_r,,Unown R,,None,,,,,None,,None,,,,,None,,,,,,,
,FALSE,No,No,201_s,,Unown S,,None,,,,,None,,None,,,,,None,,,,,,,
,FALSE,No,No,201_t,,Unown T,,None,,,,,None,,None,,,,,None,,,,,,,
,FALSE,No,No,201_u,,Unown U,,None,,,,,None,,None,,,,,None,,,,,,,
,FALSE,No,No,201_v,,Unown V,,None,,,,,None,,None,,,,,None,,,,,,,
,FALSE,No,No,201_w,,Unown W,,None,,,,,None,,None,,,,,None,,,,,,,
,FALSE,No,No,201_x,,Unown X,,None,,,,,None,,None,,,,,None,,,,,,,
,FALSE,No,No,201_y,,Unown Y,,None,,,,,None,,None,,,,,None,,,,,,,
,FALSE,No,No,201_z,,Unown Z,,None,,,,,None,,None,,,,,None,,,,,,,
,FALSE,No,No,201_em,,Unown !,,None,,,,,None,,None,,,,,None,,,,,,,
,FALSE,No,No,201_qm,,Unown ?,,None,,,,,None,,None,,,,,None,,,,,,,
FALSE,FALSE,No,No,202_m,,Wobbuffet ♂,0202,None,,,,,None,,None,,,,,None,,,,,,,
,FALSE,No,No,202_f,,Wobbuffet ♀,,None,,,,,None,,None,,,,,None,,,,,,,
FALSE,FALSE,No,No,203_m,,Girafarig ♂,0203,None,,,,,None,,None,,,,,None,,,,,,,
,FALSE,No,No,203_f,,Girafarig ♀,,None,,,,,None,,None,,,,,None,,,,,,,
FALSE,FALSE,No,No,204,,Pineco,0204,None,,,,,None,,None,,,,,None,,,,,,,
FALSE,FALSE,No,No,205,,Forretress,0205,None,,,,,None,,None,,,,,None,,,,,,,
FALSE,FALSE,No,No,206,,Dunsparce,0206,None,,,,,None,,None,,,,,None,,,,,,,
FALSE,FALSE,No,No,207_m,,Gligar ♂,0207,None,,,,,None,,None,,,,,None,,,,,,,
,FALSE,No,No,207_f,,Gligar ♀,,None,,,,,None,,None,,,,,None,,,,,,,
FALSE,FALSE,No,No,208_m,,Steelix ♂,0208,None,,,,,None,,None,,,,,None,,,,,,,
,FALSE,No,No,208_f,,Steelix ♀,,None,,,,,None,,None,,,,,None,,,,,,,
FALSE,FALSE,No,No,209,,Snubbull,0209,None,,,,,None,,None,,,,,None,,,,,,,
FALSE,FALSE,No,No,210,,Granbull,0210,None,,,,,None,,None,,,,,None,,,,,,,
FALSE,FALSE,No,No,211,,Qwilfish,0211,None,,,,,None,,None,,,,,None,,,,,,,
,FALSE,No,No,211_h,,Hisuian Qwilfish,,None,,,,,None,,None,,,,,None,,,,,,,
FALSE,FALSE,No,No,212_m,,Scizor ♂,0212,None,,,,,None,,None,,,,,None,,,,,,,
,FALSE,No,No,212_f,,Scizor ♀,,None,,,,,None,,None,,,,,None,,,,,,,
FALSE,FALSE,No,No,213,,Shuckle,0213,None,,,,,None,,None,,,,,None,,,,,,,
FALSE,FALSE,No,No,214_m,,Heracross ♂,0214,None,,,,,None,,None,,,,,None,,,,,,,
,FALSE,No,No,214_f,,Heracross ♀,,None,,,,,None,,None,,,,,None,,,,,,,
FALSE,FALSE,No,No,215_m,,Sneasel ♂,0215,None,,,,,None,,None,,,,,None,,,,,,,
,FALSE,No,No,215_f,,Sneasel ♀,,None,,,,,None,,None,,,,,None,,,,,,,
,FALSE,No,No,215_hm,,Hisuian Sneasel ♂,,None,,,,,None,,None,,,,,None,,,,,,,
,FALSE,No,No,215_hf,,Hisuian Sneasel ♀,,None,,,,,None,,None,,,,,None,,,,,,,
FALSE,FALSE,No,No,216,,Teddiursa,0216,None,,,,,None,,None,,,,,None,,,,,,,
FALSE,FALSE,No,No,217_m,,Ursaring ♂,0217,None,,,,,None,,None,,,,,None,,,,,,,
,FALSE,No,No,217_f,,Ursaring ♀,,None,,,,,None,,None,,,,,None,,,,,,,
FALSE,FALSE,No,No,218,,Slugma,0218,None,,,,,None,,None,,,,,None,,,,,,,
FALSE,FALSE,No,No,219,,Magcargo,0219,None,,,,,None,,None,,,,,None,,,,,,,
FALSE,FALSE,No,No,220,,Swinub,0220,None,,,,,None,,None,,,,,None,,,,,,,
FALSE,FALSE,No,No,221_m,,Piloswine ♂,0221,None,,,,,None,,None,,,,,None,,,,,,,
,FALSE,No,No,221_f,,Piloswine ♀,,None,,,,,None,,None,,,,,None,,,,,,,
FALSE,FALSE,No,No,222,,Corsola,0222,None,,,,,None,,None,,,,,None,,,,,,,
,FALSE,No,No,222_g,,Galarian Corsola,,None,,,,,None,,None,,,,,None,,,,,,,
FALSE,FALSE,No,No,223,,Remoraid,0223,None,,,,,None,,None,,,,,None,,,,,,,
FALSE,FALSE,No,No,224_m,,Octillery ♂,0224,None,,,,,None,,None,,,,,None,,,,,,,
,FALSE,No,No,224_f,,Octillery ♀,,None,,,,,None,,None,,,,,None,,,,,,,
FALSE,FALSE,No,No,225,,Delibird,0225,None,,,,,None,,None,,,,,None,,,,,,,
FALSE,FALSE,No,No,226,,Mantine,0226,None,,,,,None,,None,,,,,None,,,,,,,
FALSE,FALSE,No,No,227,,Skarmory,0227,None,,,,,None,,None,,,,,None,,,,,,,
FALSE,FALSE,No,No,228,,Houndour,0228,None,,,,,None,,None,,,,,None,,,,,,,
FALSE,FALSE,No,No,229_m,,Houndoom ♂,0229,None,,,,,None,,None,,,,,None,,,,,,,
,FALSE,No,No,229_f,,Houndoom ♀,,None,,,,,None,,None,,,,,None,,,,,,,
FALSE,FALSE,No,No,230,,Kingdra,0230,None,,,,,None,,None,,,,,None,,,,,,,
FALSE,FALSE,No,No,231,,Phanpy,0231,None,,,,,None,,None,,,,,None,,,,,,,
FALSE,FALSE,No,No,232_m,,Donphan ♂,0232,None,,,,,None,,None,,,,,None,,,,,,,
,FALSE,No,No,232_f,,Donphan ♀,,None,,,,,None,,None,,,,,None,,,,,,,
FALSE,FALSE,No,No,233,,Porygon2,0233,None,,,,,None,,None,,,,,None,,,,,,,
FALSE,FALSE,No,No,234,,Stantler,0234,None,,,,,None,,None,,,,,None,,,,,,,
FALSE,FALSE,No,No,235,,Smeargle,0235,None,,,,,None,,None,,,,,None,,,,,,,
FALSE,FALSE,No,No,236,,Tyrogue,0236,None,,,,,None,,None,,,,,None,,,,,,,
FALSE,FALSE,No,No,237,,Hitmontop,0237,None,,,,,None,,None,,,,,None,,,,,,,
FALSE,FALSE,No,No,238,,Smoochum,0238,None,,,,,None,,None,,,,,None,,,,,,,
FALSE,FALSE,No,No,239,,Elekid,0239,None,,,,,None,,None,,,,,None,,,,,,,
FALSE,FALSE,No,No,240,,Magby,0240,None,,,,,None,,None,,,,,None,,,,,,,
FALSE,FALSE,No,No,241,,Miltank,0241,None,,,,,None,,None,,,,,None,,,,,,,
FALSE,FALSE,No,No,242,,Blissey,0242,None,,,,,None,,None,,,,,None,,,,,,,
FALSE,FALSE,No,No,243,,Raikou,0243,None,,,,,None,,None,,,,,None,,,,,,,
FALSE,FALSE,No,No,244,,Entei,0244,None,,,,,None,,None,,,,,None,,,,,,,
FALSE,FALSE,No,No,245,,Suicune,0245,None,,,,,None,,None,,,,,None,,,,,,,
FALSE,FALSE,No,No,246,,Larvitar,0246,None,,,,,None,,None,,,,,None,,,,,,,
FALSE,FALSE,No,No,247,,Pupitar,0247,None,,,,,None,,None,,,,,None,,,,,,,
FALSE,FALSE,No,No,248,,Tyranitar,0248,None,,,,,None,,None,,,,,None,,,,,,,
FALSE,FALSE,No,No,249,,Lugia,0249,None,,,,,None,,None,,,,,None,,,,,,,
FALSE,FALSE,No,No,250,,Ho-Oh,0250,None,,,,,None,,None,,,,,None,,,,,,,
FALSE,FALSE,No,No,251,,Celebi,0251,None,,,,,None,,None,,,,,None,,,,,,,
FALSE,FALSE,No,No,252,,Treecko,0252,None,,,,,None,,None,,,,,None,,,,,,,
FALSE,FALSE,No,No,253,,Grovyle,0253,None,,,,,None,,None,,,,,None,,,,,,,
FALSE,FALSE,No,No,254,,Sceptile,0254,None,,,,,None,,None,,,,,None,,,,,,,
FALSE,FALSE,No,No,255_m,,Torchic ♂,0255,None,,,,,None,,None,,,,,None,,,,,,,
,FALSE,No,No,255_f,,Torchic ♀,,None,,,,,None,,None,,,,,None,,,,,,,
FALSE,FALSE,No,No,256_m,,Combusken ♂,0256,None,,,,,None,,None,,,,,None,,,,,,,
,FALSE,No,No,256_f,,Combusken ♀,,None,,,,,None,,None,,,,,None,,,,,,,
FALSE,FALSE,No,No,257_m,,Blaziken ♂,0257,None,,,,,None,,None,,,,,None,,,,,,,
,FALSE,No,No,257_f,,Blaziken ♀,,None,,,,,None,,None,,,,,None,,,,,,,
FALSE,FALSE,No,No,258,,Mudkip,0258,None,,,,,None,,None,,,,,None,,,,,,,
FALSE,FALSE,No,No,259,,Marshtomp,0259,None,,,,,None,,None,,,,,None,,,,,,,
FALSE,FALSE,No,No,260,,Swampert,0260,None,,,,,None,,None,,,,,None,,,,,,,
FALSE,FALSE,No,No,261,,Poochyena,0261,None,,,,,None,,None,,,,,None,,,,,,,
FALSE,FALSE,No,No,262,,Mightyena,0262,None,,,,,None,,None,,,,,None,,,,,,,
FALSE,FALSE,No,No,263,,Zigzagoon,0263,None,,,,,None,,None,,,,,None,,,,,,,
,FALSE,No,No,263_g,,Galarian Zigzagoon,,None,,,,,None,,None,,,,,None,,,,,,,
FALSE,FALSE,No,No,264,,Linoone,0264,None,,,,,None,,None,,,,,None,,,,,,,
,FALSE,No,No,264_g,,Galarian Linoone,,None,,,,,None,,None,,,,,None,,,,,,,
FALSE,FALSE,No,No,265,,Wurmple,0265,None,,,,,None,,None,,,,,None,,,,,,,
FALSE,FALSE,No,No,266,,Silcoon,0266,None,,,,,None,,None,,,,,None,,,,,,,
FALSE,FALSE,No,No,267_m,,Beautifly ♂,0267,None,,,,,None,,None,,,,,None,,,,,,,
,FALSE,No,No,267_f,,Beautifly ♀,,None,,,,,None,,None,,,,,None,,,,,,,
FALSE,FALSE,No,No,268,,Cascoon,0268,None,,,,,None,,None,,,,,None,,,,,,,
FALSE,FALSE,No,No,269_m,,Dustox ♂,0269,None,,,,,None,,None,,,,,None,,,,,,,
,FALSE,No,No,269_f,,Dustox ♀,,None,,,,,None,,None,,,,,None,,,,,,,
FALSE,FALSE,No,No,270,,Lotad,0270,None,,,,,None,,None,,,,,None,,,,,,,
FALSE,FALSE,No,No,271,,Lombre,0271,None,,,,,None,,None,,,,,None,,,,,,,
FALSE,FALSE,No,No,272_m,,Ludicolo ♂,0272,None,,,,,None,,None,,,,,None,,,,,,,
,FALSE,No,No,272_f,,Ludicolo ♀,,None,,,,,None,,None,,,,,None,,,,,,,
FALSE,FALSE,No,No,273,,Seedot,0273,None,,,,,None,,None,,,,,None,,,,,,,
FALSE,FALSE,No,No,274_m,,Nuzleaf ♂,0274,None,,,,,None,,None,,,,,None,,,,,,,
,FALSE,No,No,274_f,,Nuzleaf ♀,,None,,,,,None,,None,,,,,None,,,,,,,
FALSE,FALSE,No,No,275_m,,Shiftry ♂,0275,None,,,,,None,,None,,,,,None,,,,,,,
,FALSE,No,No,275_f,,Shiftry ♀,,None,,,,,None,,None,,,,,None,,,,,,,
FALSE,FALSE,No,No,276,,Taillow,0276,None,,,,,None,,None,,,,,None,,,,,,,
FALSE,FALSE,No,No,277,,Swellow,0277,None,,,,,None,,None,,,,,None,,,,,,,
FALSE,FALSE,No,No,278,,Wingull,0278,None,,,,,None,,None,,,,,None,,,,,,,
FALSE,FALSE,No,No,279,,Pelipper,0279,None,,,,,None,,None,,,,,None,,,,,,,
FALSE,FALSE,No,No,280,,Ralts,0280,None,,,,,None,,None,,,,,None,,,,,,,
FALSE,FALSE,No,No,281,,Kirlia,0281,None,,,,,None,,None,,,,,None,,,,,,,
FALSE,FALSE,No,No,282,,Gardevoir,0282,None,,,,,None,,None,,,,,None,,,,,,,
FALSE,FALSE,No,No,283,,Surskit,0283,None,,,,,None,,None,,,,,None,,,,,,,
FALSE,FALSE,No,No,284,,Masquerain,0284,None,,,,,None,,None,,,,,None,,,,,,,
FALSE,FALSE,No,No,285,,Shroomish,0285,None,,,,,None,,None,,,,,None,,,,,,,
FALSE,FALSE,No,No,286,,Breloom,0286,None,,,,,None,,None,,,,,None,,,,,,,
FALSE,FALSE,No,No,287,,Slakoth,0287,None,,,,,None,,None,,,,,None,,,,,,,
FALSE,FALSE,No,No,288,,Vigoroth,0288,None,,,,,None,,None,,,,,None,,,,,,,
FALSE,FALSE,No,No,289,,Slaking,0289,None,,,,,None,,None,,,,,None,,,,,,,
FALSE,FALSE,No,No,290,,Nincada,0290,None,,,,,None,,None,,,,,None,,,,,,,
FALSE,FALSE,No,No,291,,Ninjask,0291,None,,,,,None,,None,,,,,None,,,,,,,
FALSE,FALSE,No,No,292,,Shedinja,0292,None,,,,,None,,None,,,,,None,,,,,,,
FALSE,FALSE,No,No,293,,Whismur,0293,None,,,,,None,,None,,,,,None,,,,,,,
FALSE,FALSE,No,No,294,,Loudred,0294,None,,,,,None,,None,,,,,None,,,,,,,
FALSE,FALSE,No,No,295,,Exploud,0295,None,,,,,None,,None,,,,,None,,,,,,,
FALSE,FALSE,No,No,296,,Makuhita,0296,None,,,,,None,,None,,,,,None,,,,,,,
FALSE,FALSE,No,No,297,,Hariyama,0297,None,,,,,None,,None,,,,,None,,,,,,,
FALSE,FALSE,No,No,298,,Azurill,0298,None,,,,,None,,None,,,,,None,,,,,,,
FALSE,FALSE,No,No,299,,Nosepass,0299,None,,,,,None,,None,,,,,None,,,,,,,
FALSE,FALSE,No,No,300,,Skitty,0300,None,,,,,None,,None,,,,,None,,,,,,,
FALSE,FALSE,No,No,301,,Delcatty,0301,None,,,,,None,,None,,,,,None,,,,,,,
FALSE,FALSE,No,No,302,,Sableye,0302,None,,,,,None,,None,,,,,None,,,,,,,
FALSE,FALSE,No,No,303,,Mawile,0303,None,,,,,None,,None,,,,,None,,,,,,,
FALSE,FALSE,No,No,304,,Aron,0304,None,,,,,None,,None,,,,,None,,,,,,,
FALSE,FALSE,No,No,305,,Lairon,0305,None,,,,,None,,None,,,,,None,,,,,,,
FALSE,FALSE,No,No,306,,Aggron,0306,None,,,,,None,,None,,,,,None,,,,,,,
FALSE,FALSE,No,No,307_m,,Meditite ♂,0307,None,,,,,None,,None,,,,,None,,,,,,,
,FALSE,No,No,307_f,,Meditite ♀,,None,,,,,None,,None,,,,,None,,,,,,,
FALSE,FALSE,No,No,308_m,,Medicham ♂,0308,None,,,,,None,,None,,,,,None,,,,,,,
,FALSE,No,No,308_f,,Medicham ♀,,None,,,,,None,,None,,,,,None,,,,,,,
FALSE,FALSE,No,No,309,,Electrike,0309,None,,,,,None,,None,,,,,None,,,,,,,
FALSE,FALSE,No,No,310,,Manectric,0310,None,,,,,None,,None,,,,,None,,,,,,,
FALSE,FALSE,No,No,311,,Plusle,0311,None,,,,,None,,None,,,,,None,,,,,,,
FALSE,FALSE,No,No,312,,Minun,0312,None,,,,,None,,None,,,,,None,,,,,,,
FALSE,FALSE,No,No,313,,Volbeat,0313,None,,,,,None,,None,,,,,None,,,,,,,
FALSE,FALSE,No,No,314,,Illumise,0314,None,,,,,None,,None,,,,,None,,,,,,,
FALSE,FALSE,No,No,315_m,,Roselia ♂,0315,None,,,,,None,,None,,,,,None,,,,,,,
,FALSE,No,No,315_f,,Roselia ♀,,None,,,,,None,,None,,,,,None,,,,,,,
FALSE,FALSE,No,No,316_m,,Gulpin ♂,0316,None,,,,,None,,None,,,,,None,,,,,,,
,FALSE,No,No,316_f,,Gulpin ♀,,None,,,,,None,,None,,,,,None,,,,,,,
FALSE,FALSE,No,No,317_m,,Swalot ♂,0317,None,,,,,None,,None,,,,,None,,,,,,,
,FALSE,No,No,317_f,,Swalot ♀,,None,,,,,None,,None,,,,,None,,,,,,,
FALSE,FALSE,No,No,318,,Carvanha,0318,None,,,,,None,,None,,,,,None,,,,,,,
FALSE,FALSE,No,No,319,,Sharpedo,0319,None,,,,,None,,None,,,,,None,,,,,,,
FALSE,FALSE,No,No,320,,Wailmer,0320,None,,,,,None,,None,,,,,None,,,,,,,
FALSE,FALSE,No,No,321,,Wailord,0321,None,,,,,None,,None,,,,,None,,,,,,,
FALSE,FALSE,No,No,322_m,,Numel ♂,0322,None,,,,,None,,None,,,,,None,,,,,,,
,FALSE,No,No,322_f,,Numel ♀,,None,,,,,None,,None,,,,,None,,,,,,,
FALSE,FALSE,No,No,323_m,,Camerupt ♂,0323,None,,,,,None,,None,,,,,None,,,,,,,
,FALSE,No,No,323_f,,Camerupt ♀,,None,,,,,None,,None,,,,,None,,,,,,,
FALSE,FALSE,No,No,324,,Torkoal,0324,None,,,,,None,,None,,,,,None,,,,,,,
FALSE,FALSE,No,No,325,,Spoink,0325,None,,,,,None,,None,,,,,None,,,,,,,
FALSE,FALSE,No,No,326,,Grumpig,0326,None,,,,,None,,None,,,,,None,,,,,,,
FALSE,FALSE,No,No,327,,Spinda,0327,None,,,,,None,,None,,,,,None,,,,,,,
FALSE,FALSE,No,No,328,,Trapinch,0328,None,,,,,None,,None,,,,,None,,,,,,,
FALSE,FALSE,No,No,329,,Vibrava,0329,None,,,,,None,,None,,,,,None,,,,,,,
FALSE,FALSE,No,No,330,,Flygon,0330,None,,,,,None,,None,,,,,None,,,,,,,
FALSE,FALSE,No,No,331,,Cacnea,0331,None,,,,,None,,None,,,,,None,,,,,,,
FALSE,FALSE,No,No,332_m,,Cacturne ♂,0332,None,,,,,None,,None,,,,,None,,,,,,,
,FALSE,No,No,332_f,,Cacturne ♀,,None,,,,,None,,None,,,,,None,,,,,,,
FALSE,FALSE,No,No,333,,Swablu,0333,None,,,,,None,,None,,,,,None,,,,,,,
FALSE,FALSE,No,No,334,,Altaria,0334,None,,,,,None,,None,,,,,None,,,,,,,
FALSE,FALSE,No,No,335,,Zangoose,0335,None,,,,,None,,None,,,,,None,,,,,,,
FALSE,FALSE,No,No,336,,Seviper,0336,None,,,,,None,,None,,,,,None,,,,,,,
FALSE,FALSE,No,No,337,,Lunatone,0337,None,,,,,None,,None,,,,,None,,,,,,,
FALSE,FALSE,No,No,338,,Solrock,0338,None,,,,,None,,None,,,,,None,,,,,,,
FALSE,FALSE,No,No,339,,Barboach,0339,None,,,,,None,,None,,,,,None,,,,,,,
FALSE,FALSE,No,No,340,,Whiscash,0340,None,,,,,None,,None,,,,,None,,,,,,,
FALSE,FALSE,No,No,341,,Corphish,0341,None,,,,,None,,None,,,,,None,,,,,,,
FALSE,FALSE,No,No,342,,Crawdaunt,0342,None,,,,,None,,None,,,,,None,,,,,,,
FALSE,FALSE,No,No,343,,Baltoy,0343,None,,,,,None,,None,,,,,None,,,,,,,
FALSE,FALSE,No,No,344,,Claydol,0344,None,,,,,None,,None,,,,,None,,,,,,,
FALSE,FALSE,No,No,345,,Lileep,0345,None,,,,,None,,None,,,,,None,,,,,,,
FALSE,FALSE,No,No,346,,Cradily,0346,None,,,,,None,,None,,,,,None,,,,,,,
FALSE,FALSE,No,No,347,,Anorith,0347,None,,,,,None,,None,,,,,None,,,,,,,
FALSE,FALSE,No,No,348,,Armaldo,0348,None,,,,,None,,None,,,,,None,,,,,,,
FALSE,FALSE,No,No,349,,Feebas,0349,None,,,,,None,,None,,,,,None,,,,,,,
FALSE,FALSE,No,No,350_m,,Milotic ♂,0350,None,,,,,None,,None,,,,,None,,,,,,,
,FALSE,No,No,350_f,,Milotic ♀,,None,,,,,None,,None,,,,,None,,,,,,,
FALSE,FALSE,No,No,351,,Castform,0351,None,,,,,None,,None,,,,,None,,,,,,,
FALSE,FALSE,No,No,352,,Kecleon,0352,None,,,,,None,,None,,,,,None,,,,,,,
FALSE,FALSE,No,No,353,,Shuppet,0353,None,,,,,None,,None,,,,,None,,,,,,,
FALSE,FALSE,No,No,354,,Banette,0354,None,,,,,None,,None,,,,,None,,,,,,,
FALSE,FALSE,No,No,355,,Duskull,0355,None,,,,,None,,None,,,,,None,,,,,,,
FALSE,FALSE,No,No,356,,Dusclops,0356,None,,,,,None,,None,,,,,None,,,,,,,
FALSE,FALSE,No,No,357,,Tropius,0357,None,,,,,None,,None,,,,,None,,,,,,,
FALSE,FALSE,No,No,358,,Chimecho,0358,None,,,,,None,,None,,,,,None,,,,,,,
FALSE,FALSE,No,No,359,,Absol,0359,None,,,,,None,,None,,,,,None,,,,,,,
FALSE,FALSE,No,No,360,,Wynaut,0360,None,,,,,None,,None,,,,,None,,,,,,,
FALSE,FALSE,No,No,361,,Snorunt,0361,None,,,,,None,,None,,,,,None,,,,,,,
FALSE,FALSE,No,No,362,,Glalie,0362,None,,,,,None,,None,,,,,None,,,,,,,
FALSE,FALSE,No,No,363,,Spheal,0363,None,,,,,None,,None,,,,,None,,,,,,,
FALSE,FALSE,No,No,364,,Sealeo,0364,None,,,,,None,,None,,,,,None,,,,,,,
FALSE,FALSE,No,No,365,,Walrein,0365,None,,,,,None,,None,,,,,None,,,,,,,
FALSE,FALSE,No,No,366,,Clamperl,0366,None,,,,,None,,None,,,,,None,,,,,,,
FALSE,FALSE,No,No,367,,Huntail,0367,None,,,,,None,,None,,,,,None,,,,,,,
FALSE,FALSE,No,No,368,,Gorebyss,0368,None,,,,,None,,None,,,,,None,,,,,,,
FALSE,FALSE,No,No,369_m,,Relicanth ♂,0369,None,,,,,None,,None,,,,,None,,,,,,,
,FALSE,No,No,369_f,,Relicanth ♀,,None,,,,,None,,None,,,,,None,,,,,,,
FALSE,FALSE,No,No,370,,Luvdisc,0370,None,,,,,None,,None,,,,,None,,,,,,,
FALSE,FALSE,No,No,371,,Bagon,0371,None,,,,,None,,None,,,,,None,,,,,,,
FALSE,FALSE,No,No,372,,Shelgon,0372,None,,,,,None,,None,,,,,None,,,,,,,
FALSE,FALSE,No,No,373,,Salamence,0373,None,,,,,None,,None,,,,,None,,,,,,,
FALSE,FALSE,No,No,374,,Beldum,0374,None,,,,,None,,None,,,,,None,,,,,,,
FALSE,FALSE,No,No,375,,Metang,0375,None,,,,,None,,None,,,,,None,,,,,,,
FALSE,FALSE,No,No,376,,Metagross,0376,None,,,,,None,,None,,,,,None,,,,,,,
FALSE,FALSE,No,No,377,,Regirock,0377,None,,,,,None,,None,,,,,None,,,,,,,
FALSE,FALSE,No,No,378,,Regice,0378,None,,,,,None,,None,,,,,None,,,,,,,
FALSE,FALSE,No,No,379,,Registeel,0379,None,,,,,None,,None,,,,,None,,,,,,,
FALSE,FALSE,No,No,380,,Latias,0380,None,,,,,None,,None,,,,,None,,,,,,,
FALSE,FALSE,No,No,381,,Latios,0381,None,,,,,None,,None,,,,,None,,,,,,,
FALSE,FALSE,No,No,382,,Kyogre,0382,None,,,,,None,,None,,,,,None,,,,,,,
FALSE,FALSE,No,No,383,,Groudon,0383,None,,,,,None,,None,,,,,None,,,,,,,
FALSE,FALSE,No,No,384,,Rayqyaza,0384,None,,,,,None,,None,,,,,None,,,,,,,
FALSE,FALSE,No,No,385,,Jirachi,0385,None,,,,,None,,None,,,,,None,,,,,,,
FALSE,FALSE,No,No,386_n,,Normal Forme Deoxys,0386,None,,,,,None,,None,,,,,None,,,,,,,
,FALSE,No,No,386_a,,Attack Forme Deoxys,,None,,,,,None,,None,,,,,None,,,,,,,
,FALSE,No,No,386_d,,Defense Forme Deoxys,,None,,,,,None,,None,,,,,None,,,,,,,
,FALSE,No,No,386_s,,Speed Forme Deoxys,,None,,,,,None,,None,,,,,None,,,,,,,
FALSE,FALSE,No,No,387,,Turtwig,0387,None,,,,,None,,None,,,,,None,,,,,,,
FALSE,FALSE,No,No,388,,Grotle,0388,None,,,,,None,,None,,,,,None,,,,,,,
FALSE,FALSE,No,No,389,,Torterra,0389,None,,,,,None,,None,,,,,None,,,,,,,
FALSE,FALSE,No,No,390,,Chimchar,0390,None,,,,,None,,None,,,,,None,,,,,,,
FALSE,FALSE,No,No,391,,Monferno,0391,None,,,,,None,,None,,,,,None,,,,,,,
FALSE,FALSE,No,No,392,,Infernape,0392,None,,,,,None,,None,,,,,None,,,,,,,
FALSE,FALSE,No,No,393,,Piplup,0393,None,,,,,None,,None,,,,,None,,,,,,,
FALSE,FALSE,No,No,394,,Prinplup,0394,None,,,,,None,,None,,,,,None,,,,,,,
FALSE,FALSE,No,No,395,,Empoleon,0395,None,,,,,None,,None,,,,,None,,,,,,,
FALSE,FALSE,No,No,396_m,,Starly ♂,0396,None,,,,,None,,None,,,,,None,,,,,,,
,FALSE,No,No,396_f,,Starly ♀,,None,,,,,None,,None,,,,,None,,,,,,,
FALSE,FALSE,No,No,397_m,,Staravia ♂,0397,None,,,,,None,,None,,,,,None,,,,,,,
,FALSE,No,No,397_f,,Staravia ♀,,None,,,,,None,,None,,,,,None,,,,,,,
FALSE,FALSE,No,No,398_m,,Staraptor ♂,0398,None,,,,,None,,None,,,,,None,,,,,,,
,FALSE,No,No,398_f,,Staraptor ♀,,None,,,,,None,,None,,,,,None,,,,,,,
FALSE,FALSE,No,No,399_m,,Bidoof ♂,0399,None,,,,,None,,None,,,,,None,,,,,,,
,FALSE,No,No,399_f,,Bidoof ♀,,None,,,,,None,,None,,,,,None,,,,,,,
FALSE,FALSE,No,No,400_m,,Bibarel ♂,0400,None,,,,,None,,None,,,,,None,,,,,,,
,FALSE,No,No,400_f,,Bibarel ♀,,None,,,,,None,,None,,,,,None,,,,,,,
FALSE,FALSE,No,No,401_m,,Kricketot ♂,0401,None,,,,,None,,None,,,,,None,,,,,,,
,FALSE,No,No,401_f,,Kricketot ♀,,None,,,,,None,,None,,,,,None,,,,,,,
FALSE,FALSE,No,No,402_m,,Kricketune ♂,0402,None,,,,,None,,None,,,,,None,,,,,,,
,FALSE,No,No,402_f,,Kricketune ♀,,None,,,,,None,,None,,,,,None,,,,,,,
FALSE,FALSE,No,No,403_m,,Shinx ♂,0403,None,,,,,None,,None,,,,,None,,,,,,,
,FALSE,No,No,403_f,,Shinx ♀,,None,,,,,None,,None,,,,,None,,,,,,,
FALSE,FALSE,No,No,404_m,,Luxio ♂,0404,None,,,,,None,,None,,,,,None,,,,,,,
,FALSE,No,No,404_f,,Luxio ♀,,None,,,,,None,,None,,,,,None,,,,,,,
FALSE,FALSE,No,No,405_m,,Luxray ♂,0405,None,,,,,None,,None,,,,,None,,,,,,,
,FALSE,No,No,405_f,,Luxray ♀,,None,,,,,None,,None,,,,,None,,,,,,,
FALSE,FALSE,No,No,406,,Budew,0406,None,,,,,None,,None,,,,,None,,,,,,,
FALSE,FALSE,No,No,407_m,,Roserade ♂,0407,None,,,,,None,,None,,,,,None,,,,,,,
,FALSE,No,No,407_f,,Roserade ♀,,None,,,,,None,,None,,,,,None,,,,,,,
FALSE,FALSE,No,No,408,,Cranidos,0408,None,,,,,None,,None,,,,,None,,,,,,,
FALSE,FALSE,No,No,409,,Rampardos,0409,None,,,,,None,,None,,,,,None,,,,,,,
FALSE,FALSE,No,No,410,,Shieldon,0410,None,,,,,None,,None,,,,,None,,,,,,,
FALSE,FALSE,No,No,411,,Bastiodon,0411,None,,,,,None,,None,,,,,None,,,,,,,
FALSE,FALSE,No,No,412_p,,Plant Cloak Burmy,0412,None,,,,,None,,None,,,,,None,,,,,,,
,FALSE,No,No,412_s,,Sand Cloak Burmy,,None,,,,,None,,None,,,,,None,,,,,,,
,FALSE,No,No,412_t,,Trash Cloak Burmy,,None,,,,,None,,None,,,,,None,,,,,,,
FALSE,FALSE,No,No,413_p,,Plant Cloak Wormadam,0413,None,,,,,None,,None,,,,,None,,,,,,,
,FALSE,No,No,413_s,,Sand Cloak Wormadam,,None,,,,,None,,None,,,,,None,,,,,,,
,FALSE,No,No,413_t,,Trash Cloak Wormadam,,None,,,,,None,,None,,,,,None,,,,,,,
FALSE,FALSE,No,No,414,,Mothim,0414,None,,,,,None,,None,,,,,None,,,,,,,
FALSE,FALSE,No,No,415_m,,Combee ♂,0415,None,,,,,None,,None,,,,,None,,,,,,,
,FALSE,No,No,415_f,,Combee ♀,,None,,,,,None,,None,,,,,None,,,,,,,
FALSE,FALSE,No,No,416,,Vespiquen,0416,None,,,,,None,,None,,,,,None,,,,,,,
FALSE,FALSE,No,No,417_m,,Pachirisu ♂,0417,None,,,,,None,,None,,,,,None,,,,,,,
,FALSE,No,No,417_f,,Pachirisu ♀,,None,,,,,None,,None,,,,,None,,,,,,,
FALSE,FALSE,No,No,418_m,,Buizel ♂,0418,None,,,,,None,,None,,,,,None,,,,,,,
,FALSE,No,No,418_f,,Buizel ♀,,None,,,,,None,,None,,,,,None,,,,,,,
FALSE,FALSE,No,No,419_m,,Floatzel ♂,0419,None,,,,,None,,None,,,,,None,,,,,,,
,FALSE,No,No,419_f,,Floatzel ♀,,None,,,,,None,,None,,,,,None,,,,,,,
FALSE,FALSE,No,No,420,,Cherubi,0420,None,,,,,None,,None,,,,,None,,,,,,,
FALSE,FALSE,No,No,421,,Cherrim,0421,None,,,,,None,,None,,,,,None,,,,,,,
FALSE,FALSE,No,No,422_w,,West Sea Shellos,0422,None,,,,,None,,None,,,,,None,,,,,,,
,FALSE,No,No,422_e,,East Sea Shellos,,None,,,,,None,,None,,,,,None,,,,,,,
FALSE,FALSE,No,No,423_w,,West Sea Gastrodon,0423,None,,,,,None,,None,,,,,None,,,,,,,
,FALSE,No,No,423_e,,East Sea Gastrodon,,None,,,,,None,,None,,,,,None,,,,,,,
FALSE,FALSE,No,No,424_m,,Ambipom ♂,0424,None,,,,,None,,None,,,,,None,,,,,,,
,FALSE,No,No,424_f,,Ambipom ♀,,None,,,,,None,,None,,,,,None,,,,,,,
FALSE,FALSE,No,No,425,,Drifloon,0425,None,,,,,None,,None,,,,,None,,,,,,,
FALSE,FALSE,No,No,426,,Drifblim,0426,None,,,,,None,,None,,,,,None,,,,,,,
FALSE,FALSE,No,No,427,,Buneary,0427,None,,,,,None,,None,,,,,None,,,,,,,
FALSE,FALSE,No,No,428,,Lopunny,0428,None,,,,,None,,None,,,,,None,,,,,,,
FALSE,FALSE,No,No,429,,Mismagius,0429,None,,,,,None,,None,,,,,None,,,,,,,
FALSE,FALSE,No,No,430,,Honchkrow,0430,None,,,,,None,,None,,,,,None,,,,,,,
FALSE,FALSE,No,No,431,,Glameow,0431,None,,,,,None,,None,,,,,None,,,,,,,
FALSE,FALSE,No,No,432,,Purugly,0432,None,,,,,None,,None,,,,,None,,,,,,,
FALSE,FALSE,No,No,433,,Chingling,0433,None,,,,,None,,None,,,,,None,,,,,,,
FALSE,FALSE,No,No,434,,Stunky,0434,None,,,,,None,,None,,,,,None,,,,,,,
FALSE,FALSE,No,No,435,,Skuntank,0435,None,,,,,None,,None,,,,,None,,,,,,,
FALSE,FALSE,No,No,436,,Bronzor,0436,None,,,,,None,,None,,,,,None,,,,,,,
FALSE,FALSE,No,No,437,,Bronzong,0437,None,,,,,None,,None,,,,,None,,,,,,,
FALSE,FALSE,No,No,438,,Bonsly,0438,None,,,,,None,,None,,,,,None,,,,,,,
FALSE,FALSE,No,No,439,,Mime Jr.,0439,None,,,,,None,,None,,,,,None,,,,,,,
FALSE,FALSE,No,No,440,,Happiny,0440,None,,,,,None,,None,,,,,None,,,,,,,
FALSE,FALSE,No,No,441,,Chatot,0441,None,,,,,None,,None,,,,,None,,,,,,,
FALSE,FALSE,No,No,442,,Spiritomb,0442,None,,,,,None,,None,,,,,None,,,,,,,
FALSE,FALSE,No,No,443_m,,Gible ♂,0443,None,,,,,None,,None,,,,,None,,,,,,,
,FALSE,No,No,443_f,,Gible ♀,,None,,,,,None,,None,,,,,None,,,,,,,
FALSE,FALSE,No,No,444_m,,Gabite ♂,0444,None,,,,,None,,None,,,,,None,,,,,,,
,FALSE,No,No,444_f,,Gabite ♀,,None,,,,,None,,None,,,,,None,,,,,,,
FALSE,FALSE,No,No,445_m,,Garchomp ♂,0445,None,,,,,None,,None,,,,,None,,,,,,,
,FALSE,No,No,445_f,,Garchomp ♀,,None,,,,,None,,None,,,,,None,,,,,,,
FALSE,FALSE,No,No,446,,Munchlax,0446,None,,,,,None,,None,,,,,None,,,,,,,
FALSE,FALSE,No,No,447,,Riolu,0447,None,,,,,None,,None,,,,,None,,,,,,,
FALSE,FALSE,No,No,448,,Lucario,0448,None,,,,,None,,None,,,,,None,,,,,,,
FALSE,FALSE,No,No,449_m,,Hippopotas ♂,0449,None,,,,,None,,None,,,,,None,,,,,,,
,FALSE,No,No,449_f,,Hippopotas ♀,,None,,,,,None,,None,,,,,None,,,,,,,
FALSE,FALSE,No,No,450_m,,Hippowdon ♂,0450,None,,,,,None,,None,,,,,None,,,,,,,
,FALSE,No,No,450_f,,Hippowdon ♀,,None,,,,,None,,None,,,,,None,,,,,,,
FALSE,FALSE,No,No,451,,Skorupi,0451,None,,,,,None,,None,,,,,None,,,,,,,
FALSE,FALSE,No,No,452,,Drapion,0452,None,,,,,None,,None,,,,,None,,,,,,,
FALSE,FALSE,No,No,453_m,,Croagunk ♂,0453,None,,,,,None,,None,,,,,None,,,,,,,
,FALSE,No,No,453_f,,Croagunk ♀,,None,,,,,None,,None,,,,,None,,,,,,,
FALSE,FALSE,No,No,454_m,,Toxicroak ♂,0454,None,,,,,None,,None,,,,,None,,,,,,,
,FALSE,No,No,454_f,,Toxicroak ♀,,None,,,,,None,,None,,,,,None,,,,,,,
FALSE,FALSE,No,No,455,,Carnivine,0455,None,,,,,None,,None,,,,,None,,,,,,,
FALSE,FALSE,No,No,456_m,,Finneon ♂,0456,None,,,,,None,,None,,,,,None,,,,,,,
,FALSE,No,No,456_f,,Finneon ♀,,None,,,,,None,,None,,,,,None,,,,,,,
FALSE,FALSE,No,No,457_m,,Lumineon ♂,0457,None,,,,,None,,None,,,,,None,,,,,,,
,FALSE,No,No,457_f,,Lumineon ♀,,None,,,,,None,,None,,,,,None,,,,,,,
FALSE,FALSE,No,No,458,,Mantyke,0458,None,,,,,None,,None,,,,,None,,,,,,,
FALSE,FALSE,No,No,459_m,,Snover ♂,0459,None,,,,,None,,None,,,,,None,,,,,,,
,FALSE,No,No,459_f,,Snover ♀,,None,,,,,None,,None,,,,,None,,,,,,,
FALSE,FALSE,No,No,460_m,,Abomasnow ♂,0460,None,,,,,None,,None,,,,,None,,,,,,,
,FALSE,No,No,460_f,,Abomasnow ♀,,None,,,,,None,,None,,,,,None,,,,,,,
FALSE,FALSE,No,No,461_m,,Weavile ♂,0461,None,,,,,None,,None,,,,,None,,,,,,,
,FALSE,No,No,461_f,,Weavile ♀,,None,,,,,None,,None,,,,,None,,,,,,,
FALSE,FALSE,No,No,462,,Magnezone,0462,None,,,,,None,,None,,,,,None,,,,,,,
FALSE,FALSE,No,No,463,,Lickilicky,0463,None,,,,,None,,None,,,,,None,,,,,,,
FALSE,FALSE,No,No,464_m,,Rhyperior ♂,0464,None,,,,,None,,None,,,,,None,,,,,,,
,FALSE,No,No,464_f,,Rhyperior ♀,,None,,,,,None,,None,,,,,None,,,,,,,
FALSE,FALSE,No,No,465_m,,Tangrowth ♂,0465,None,,,,,None,,None,,,,,None,,,,,,,
,FALSE,No,No,465_f,,Tangrowth ♀,,None,,,,,None,,None,,,,,None,,,,,,,
FALSE,FALSE,No,No,466,,Electivire,0466,None,,,,,None,,None,,,,,None,,,,,,,
FALSE,FALSE,No,No,467,,Magmortar,0467,None,,,,,None,,None,,,,,None,,,,,,,
FALSE,FALSE,No,No,468,,Togekiss,0468,None,,,,,None,,None,,,,,None,,,,,,,
FALSE,FALSE,No,No,469,,Yanmega,0469,None,,,,,None,,None,,,,,None,,,,,,,
FALSE,FALSE,No,No,470,,Leafeon,0470,None,,,,,None,,None,,,,,None,,,,,,,
FALSE,FALSE,No,No,471,,Glaceon,0471,None,,,,,None,,None,,,,,None,,,,,,,
FALSE,FALSE,No,No,472,,Gliscor,0472,None,,,,,None,,None,,,,,None,,,,,,,
FALSE,FALSE,No,No,473_m,,Mamoswine ♂,0473,None,,,,,None,,None,,,,,None,,,,,,,
,FALSE,No,No,473_f,,Mamoswine ♀,,None,,,,,None,,None,,,,,None,,,,,,,
FALSE,FALSE,No,No,474,,Porygon-Z,0474,None,,,,,None,,None,,,,,None,,,,,,,
FALSE,FALSE,No,No,475,,Gallade,0475,None,,,,,None,,None,,,,,None,,,,,,,
FALSE,FALSE,No,No,476,,Probopass,0476,None,,,,,None,,None,,,,,None,,,,,,,
FALSE,FALSE,No,No,477,,Dusknoir,0477,None,,,,,None,,None,,,,,None,,,,,,,
FALSE,FALSE,No,No,478,,Froslass,0478,None,,,,,None,,None,,,,,None,,,,,,,
FALSE,FALSE,No,No,479,,Rotom,0479,None,,,,,None,,None,,,,,None,,,,,,,
,FALSE,No,No,479_f,,Heat Rotom,,None,,,,,None,,None,,,,,None,,,,,,,
,FALSE,No,No,479_h,,Wash Rotom,,None,,,,,None,,None,,,,,None,,,,,,,
,FALSE,No,No,479_m,,Frost Rotom,,None,,,,,None,,None,,,,,None,,,,,,,
,FALSE,No,No,479_fa,,Fan Rotom,,None,,,,,None,,None,,,,,None,,,,,,,
,FALSE,No,No,479_w,,Mow Rotom,,None,,,,,None,,None,,,,,None,,,,,,,
FALSE,FALSE,No,No,480,,Uxie,0480,None,,,,,None,,None,,,,,None,,,,,,,
FALSE,FALSE,No,No,481,,Mesprit,0481,None,,,,,None,,None,,,,,None,,,,,,,
FALSE,FALSE,No,No,482,,Azelf,0482,None,,,,,None,,None,,,,,None,,,,,,,
FALSE,FALSE,No,No,483,,Dialga,0483,None,,,,,None,,None,,,,,None,,,,,,,
FALSE,FALSE,No,No,484,,Palkia,0484,None,,,,,None,,None,,,,,None,,,,,,,
FALSE,FALSE,No,No,485,,Heatran,0485,None,,,,,None,,None,,,,,None,,,,,,,
FALSE,FALSE,No,No,486,,Regigigas,0486,None,,,,,None,,None,,,,,None,,,,,,,
FALSE,FALSE,No,No,487,,Giratina,0487,None,,,,,None,,None,,,,,None,,,,,,,
FALSE,FALSE,No,No,488,,Cresselia,0488,None,,,,,None,,None,,,,,None,,,,,,,
FALSE,FALSE,No,No,489,,Phione,0489,None,,,,,None,,None,,,,,None,,,,,,,
FALSE,FALSE,No,No,490,,Manaphy,0490,None,,,,,None,,None,,,,,None,,,,,,,
FALSE,FALSE,No,No,491,,Darkrai,0491,None,,,,,None,,None,,,,,None,,,,,,,
FALSE,FALSE,No,No,492_l,,Land Forme Shaymin,0492,None,,,,,None,,None,,,,,None,,,,,,,
,FALSE,No,No,492_s,,Sky Forme Shaymin,,None,,,,,None,,None,,,,,None,,,,,,,
FALSE,FALSE,No,No,493,,Arceus,0493,None,,,,,None,,None,,,,,None,,,,,,,
,,Unavailable,Unavailable,494,,Victini,0494,None,,,,,None,,None,,,,,None,,,,,,,
FALSE,FALSE,No,No,495,,Snivy,0495,None,,,,,None,,None,,,,,None,,,,,,,
FALSE,FALSE,No,No,496,,Servine,0496,None,,,,,None,,None,,,,,None,,,,,,,
FALSE,FALSE,No,No,497,,Serperior,0497,None,,,,,None,,None,,,,,None,,,,,,,
FALSE,FALSE,No,No,498,,Tepig,0498,None,,,,,None,,None,,,,,None,,,,,,,
FALSE,FALSE,No,No,499,,Pignite,0499,None,,,,,None,,None,,,,,None,,,,,,,
FALSE,FALSE,No,No,500,,Emboar,0500,None,,,,,None,,None,,,,,None,,,,,,,
FALSE,FALSE,No,No,501,,Oshawott,0501,None,,,,,None,,None,,,,,None,,,,,,,
FALSE,FALSE,No,No,502,,Dewott,0502,None,,,,,None,,None,,,,,None,,,,,,,
FALSE,FALSE,No,No,503,,Samurott,0503,None,,,,,None,,None,,,,,None,,,,,,,
,FALSE,No,No,503_h,,Hisuian Samurott,,None,,,,,None,,None,,,,,None,,,,,,,
FALSE,FALSE,No,No,504,,Patrat,0504,None,,,,,None,,None,,,,,None,,,,,,,
FALSE,FALSE,No,No,505,,Watchog,0505,None,,,,,None,,None,,,,,None,,,,,,,
FALSE,FALSE,No,No,506,,Lillipup,0506,None,,,,,None,,None,,,,,None,,,,,,,
FALSE,FALSE,No,No,507,,Herdier,0507,None,,,,,None,,None,,,,,None,,,,,,,
FALSE,FALSE,No,No,508,,Stoutland,0508,None,,,,,None,,None,,,,,None,,,,,,,
FALSE,FALSE,No,No,509,,Purrloin,0509,None,,,,,None,,None,,,,,None,,,,,,,
FALSE,FALSE,No,No,510,,Liepard,0510,None,,,,,None,,None,,,,,None,,,,,,,
FALSE,FALSE,No,No,511,,Pansage,0511,None,,,,,None,,None,,,,,None,,,,,,,
FALSE,FALSE,No,No,512,,Simisage,0512,None,,,,,None,,None,,,,,None,,,,,,,
FALSE,FALSE,No,No,513,,Pansear,0513,None,,,,,None,,None,,,,,None,,,,,,,
FALSE,FALSE,No,No,514,,Simisear,0514,None,,,,,None,,None,,,,,None,,,,,,,
FALSE,FALSE,No,No,515,,Panpour,0515,None,,,,,None,,None,,,,,None,,,,,,,
FALSE,FALSE,No,No,516,,Simipour,0516,None,,,,,None,,None,,,,,None,,,,,,,
FALSE,FALSE,No,No,517,,Munna,0517,None,,,,,None,,None,,,,,None,,,,,,,
FALSE,FALSE,No,No,518,,Musharna,0518,None,,,,,None,,None,,,,,None,,,,,,,
FALSE,FALSE,No,No,519,,Pidove,0519,None,,,,,None,,None,,,,,None,,,,,,,
FALSE,FALSE,No,No,520,,Tranquill,0520,None,,,,,None,,None,,,,,None,,,,,,,
FALSE,FALSE,No,No,521_m,,Unfezant ♂,0521,None,,,,,None,,None,,,,,None,,,,,,,
,FALSE,No,No,521_f,,Unfezant ♀,,None,,,,,None,,None,,,,,None,,,,,,,
FALSE,FALSE,No,No,522,,Blitzle,0522,None,,,,,None,,None,,,,,None,,,,,,,
FALSE,FALSE,No,No,523,,Zebstrika,0523,None,,,,,None,,None,,,,,None,,,,,,,
FALSE,FALSE,No,No,524,,Roggenrola,0524,None,,,,,None,,None,,,,,None,,,,,,,
FALSE,FALSE,No,No,525,,Boldore,0525,None,,,,,None,,None,,,,,None,,,,,,,
FALSE,FALSE,No,No,526,,Gigalith,0526,None,,,,,None,,None,,,,,None,,,,,,,
FALSE,FALSE,No,No,527,,Woobat,0527,None,,,,,None,,None,,,,,None,,,,,,,
FALSE,FALSE,No,No,528,,Swoobat,0528,None,,,,,None,,None,,,,,None,,,,,,,
FALSE,FALSE,No,No,529,,Drilbur,0529,None,,,,,None,,None,,,,,None,,,,,,,
FALSE,FALSE,No,No,530,,Excadrill,0530,None,,,,,None,,None,,,,,None,,,,,,,
FALSE,FALSE,No,No,531,,Audino,0531,None,,,,,None,,None,,,,,None,,,,,,,
FALSE,FALSE,No,No,532,,Timburr,0532,None,,,,,None,,None,,,,,None,,,,,,,
FALSE,FALSE,No,No,533,,Gurdurr,0533,None,,,,,None,,None,,,,,None,,,,,,,
FALSE,FALSE,No,No,534,,Conkeldurr,0534,None,,,,,None,,None,,,,,None,,,,,,,
FALSE,FALSE,No,No,535,,Tympole,0535,None,,,,,None,,None,,,,,None,,,,,,,
FALSE,FALSE,No,No,536,,Palpitoad,0536,None,,,,,None,,None,,,,,None,,,,,,,
FALSE,FALSE,No,No,537,,Seismitoad,0537,None,,,,,None,,None,,,,,None,,,,,,,
FALSE,FALSE,No,No,538,,Throh,0538,None,,,,,None,,None,,,,,None,,,,,,,
FALSE,FALSE,No,No,539,,Sawk,0539,None,,,,,None,,None,,,,,None,,,,,,,
FALSE,FALSE,No,No,540,,Sewaddle,0540,None,,,,,None,,None,,,,,None,,,,,,,
FALSE,FALSE,No,No,541,,Swadloon,0541,None,,,,,None,,None,,,,,None,,,,,,,
FALSE,FALSE,No,No,542,,Leavanny,0542,None,,,,,None,,None,,,,,None,,,,,,,
FALSE,FALSE,No,No,543,,Venipede,0543,None,,,,,None,,None,,,,,None,,,,,,,
FALSE,FALSE,No,No,544,,Whirlipede,0544,None,,,,,None,,None,,,,,None,,,,,,,
FALSE,FALSE,No,No,545,,Scolipede,0545,None,,,,,None,,None,,,,,None,,,,,,,
FALSE,FALSE,No,No,546,,Cottonee,0546,None,,,,,None,,None,,,,,None,,,,,,,
FALSE,FALSE,No,No,547,,Whimsicott,0547,None,,,,,None,,None,,,,,None,,,,,,,
FALSE,FALSE,No,No,548,,Petilil,0548,None,,,,,None,,None,,,,,None,,,,,,,
FALSE,FALSE,No,No,549,,Lilligant,0549,None,,,,,None,,None,,,,,None,,,,,,,
,FALSE,No,No,549_h,,Hisuian Lilligant,,None,,,,,None,,None,,,,,None,,,,,,,
FALSE,FALSE,No,No,550_r,,Red Basculin,0550,None,,,,,None,,None,,,,,None,,,,,,,
,FALSE,No,No,550_b,,Blue Basculin,,None,,,,,None,,None,,,,,None,,,,,,,
,FALSE,No,No,550_w,,White Basculin,,None,,,,,None,,None,,,,,None,,,,,,,
FALSE,FALSE,No,No,551,,Sandile,0551,None,,,,,None,,None,,,,,None,,,,,,,
FALSE,FALSE,No,No,552,,Krokorok,0552,None,,,,,None,,None,,,,,None,,,,,,,
FALSE,FALSE,No,No,553,,Krookodile,0553,None,,,,,None,,None,,,,,None,,,,,,,
FALSE,FALSE,No,No,554,,Darumaka,0554,None,,,,,None,,None,,,,,None,,,,,,,
,FALSE,No,No,554_g,,Galarian Darumaka,,None,,,,,None,,None,,,,,None,,,,,,,
FALSE,FALSE,No,No,555,,Darmanitan,0555,None,,,,,None,,None,,,,,None,,,,,,,
,FALSE,No,No,555_g,,Galarian Darmanitan,,None,,,,,None,,None,,,,,None,,,,,,,
FALSE,FALSE,No,No,556,,Maractus,0556,None,,,,,None,,None,,,,,None,,,,,,,
FALSE,FALSE,No,No,557,,Dwebble,0557,None,,,,,None,,None,,,,,None,,,,,,,
FALSE,FALSE,No,No,558,,Crustle,0558,None,,,,,None,,None,,,,,None,,,,,,,
FALSE,FALSE,No,No,559,,Scraggy,0559,None,,,,,None,,None,,,,,None,,,,,,,
FALSE,FALSE,No,No,560,,Scrafty,0560,None,,,,,None,,None,,,,,None,,,,,,,
FALSE,FALSE,No,No,561,,Sigilyph,0561,None,,,,,None,,None,,,,,None,,,,,,,
FALSE,FALSE,No,No,562,,Yamask,0562,None,,,,,None,,None,,,,,None,,,,,,,
,FALSE,No,No,562_g,,Galarian Yamask,,None,,,,,None,,None,,,,,None,,,,,,,
FALSE,FALSE,No,No,563,,Cofagrigus,0563,None,,,,,None,,None,,,,,None,,,,,,,
FALSE,FALSE,No,No,564,,Tirtouga,0564,None,,,,,None,,None,,,,,None,,,,,,,
FALSE,FALSE,No,No,565,,Carracosta,0565,None,,,,,None,,None,,,,,None,,,,,,,
FALSE,FALSE,No,No,566,,Archen,0566,None,,,,,None,,None,,,,,None,,,,,,,
FALSE,FALSE,No,No,567,,Archeops,0567,None,,,,,None,,None,,,,,None,,,,,,,
FALSE,FALSE,No,No,568,,Trubbish,0568,None,,,,,None,,None,,,,,None,,,,,,,
FALSE,FALSE,No,No,569,,Garbodor,0569,None,,,,,None,,None,,,,,None,,,,,,,
FALSE,FALSE,No,No,570,,Zorua,0570,None,,,,,None,,None,,,,,None,,,,,,,
,FALSE,No,No,570_h,,Hisuian Zorua,,None,,,,,None,,None,,,,,None,,,,,,,
FALSE,FALSE,No,No,571,,Zoroark,0571,None,,,,,None,,None,,,,,None,,,,,,,
,FALSE,No,No,571_h,,Hisuian Zoroark,,None,,,,,None,,None,,,,,None,,,,,,,
FALSE,FALSE,No,No,572,,Minccino,0572,None,,,,,None,,None,,,,,None,,,,,,,
FALSE,FALSE,No,No,573,,Cinccino,0573,None,,,,,None,,None,,,,,None,,,,,,,
FALSE,FALSE,No,No,574,,Gothita,0574,None,,,,,None,,None,,,,,None,,,,,,,
FALSE,FALSE,No,No,575,,Gothorita,0575,None,,,,,None,,None,,,,,None,,,,,,,
FALSE,FALSE,No,No,576,,Gothitelle,0576,None,,,,,None,,None,,,,,None,,,,,,,
FALSE,FALSE,No,No,577,,Solosis,0577,None,,,,,None,,None,,,,,None,,,,,,,
FALSE,FALSE,No,No,578,,Duosion,0578,None,,,,,None,,None,,,,,None,,,,,,,
FALSE,FALSE,No,No,579,,Reuniclus,0579,None,,,,,None,,None,,,,,None,,,,,,,
FALSE,FALSE,No,No,580,,Ducklett,0580,None,,,,,None,,None,,,,,None,,,,,,,
FALSE,FALSE,No,No,581,,Swanna,0581,None,,,,,None,,None,,,,,None,,,,,,,
FALSE,FALSE,No,No,582,,Vanillite,0582,None,,,,,None,,None,,,,,None,,,,,,,
FALSE,FALSE,No,No,583,,Vanillish,0583,None,,,,,None,,None,,,,,None,,,,,,,
FALSE,FALSE,No,No,584,,Vanilluxe,0584,None,,,,,None,,None,,,,,None,,,,,,,
FALSE,FALSE,No,No,585_s,,Spring Deerling,0585,None,,,,,None,,None,,,,,None,,,,,,,
,FALSE,No,No,585_su,,Summer Deerling,,None,,,,,None,,None,,,,,None,,,,,,,
,FALSE,No,No,585_a,,Autumn Deerling,,None,,,,,None,,None,,,,,None,,,,,,,
,FALSE,No,No,585_w,,Winter Deerling,,None,,,,,None,,None,,,,,None,,,,,,,
FALSE,FALSE,No,No,586_s,,Spring Sawsbuck,0586,None,,,,,None,,None,,,,,None,,,,,,,
,FALSE,No,No,586_su,,Summer Sawsbuck,,None,,,,,None,,None,,,,,None,,,,,,,
,FALSE,No,No,586_a,,Autumn Sawsbuck,,None,,,,,None,,None,,,,,None,,,,,,,
,FALSE,No,No,586_w,,Winter Sawsbuck,,None,,,,,None,,None,,,,,None,,,,,,,
FALSE,FALSE,No,No,587,,Emolga,0587,None,,,,,None,,None,,,,,None,,,,,,,
FALSE,FALSE,No,No,588,,Karrablast,0588,None,,,,,None,,None,,,,,None,,,,,,,
FALSE,FALSE,No,No,589,,Escavalier,0589,None,,,,,None,,None,,,,,None,,,,,,,
FALSE,FALSE,No,No,590,,Foongus,0590,None,,,,,None,,None,,,,,None,,,,,,,
FALSE,FALSE,No,No,591,,Amoonguss,0591,None,,,,,None,,None,,,,,None,,,,,,,
FALSE,FALSE,No,No,592_m,,Frillish ♂,0592,None,,,,,None,,None,,,,,None,,,,,,,
,FALSE,No,No,592_f,,Frillish ♀,,None,,,,,None,,None,,,,,None,,,,,,,
FALSE,FALSE,No,No,593_m,,Jellicent ♂,0593,None,,,,,None,,None,,,,,None,,,,,,,
,FALSE,No,No,593_f,,Jellicent ♀,,None,,,,,None,,None,,,,,None,,,,,,,
FALSE,FALSE,No,No,594,,Alomomola,0594,None,,,,,None,,None,,,,,None,,,,,,,
FALSE,FALSE,No,No,595,,Joltik,0595,None,,,,,None,,None,,,,,None,,,,,,,
FALSE,FALSE,No,No,596,,Galvantula,0596,None,,,,,None,,None,,,,,None,,,,,,,
FALSE,FALSE,No,No,597,,Ferroseed,0597,None,,,,,None,,None,,,,,None,,,,,,,
FALSE,FALSE,No,No,598,,Ferrothorn,0598,None,,,,,None,,None,,,,,None,,,,,,,
FALSE,FALSE,No,No,599,,Klink,0599,None,,,,,None,,None,,,,,None,,,,,,,
FALSE,FALSE,No,No,600,,Klang,0600,None,,,,,None,,None,,,,,None,,,,,,,
FALSE,FALSE,No,No,601,,Klinklang,0601,None,,,,,None,,None,,,,,None,,,,,,,
FALSE,FALSE,No,No,602,,Tynamo,0602,None,,,,,None,,None,,,,,None,,,,,,,
FALSE,FALSE,No,No,603,,Eelektrik,0603,None,,,,,None,,None,,,,,None,,,,,,,
FALSE,FALSE,No,No,604,,Eelektross,0604,None,,,,,None,,None,,,,,None,,,,,,,
FALSE,FALSE,No,No,605,,Elgyem,0605,None,,,,,None,,None,,,,,None,,,,,,,
FALSE,FALSE,No,No,606,,Beheeyem,0606,None,,,,,None,,None,,,,,None,,,,,,,
FALSE,FALSE,No,No,607,,Litwick,0607,None,,,,,None,,None,,,,,None,,,,,,,
FALSE,FALSE,No,No,608,,Lampent,0608,None,,,,,None,,None,,,,,None,,,,,,,
FALSE,FALSE,No,No,609,,Chandelure,0609,None,,,,,None,,None,,,,,None,,,,,,,
FALSE,FALSE,No,No,610,,Axew,0610,None,,,,,None,,None,,,,,None,,,,,,,
FALSE,FALSE,No,No,611,,Fraxure,0611,None,,,,,None,,None,,,,,None,,,,,,,
FALSE,FALSE,No,No,612,,Haxorus,0612,None,,,,,None,,None,,,,,None,,,,,,,
FALSE,FALSE,No,No,613,,Cubchoo,0613,None,,,,,None,,None,,,,,None,,,,,,,
FALSE,FALSE,No,No,614,,Beartic,0614,None,,,,,None,,None,,,,,None,,,,,,,
FALSE,FALSE,No,No,615,,Cryogonal,0615,None,,,,,None,,None,,,,,None,,,,,,,
FALSE,FALSE,No,No,616,,Shelmet,0616,None,,,,,None,,None,,,,,None,,,,,,,
FALSE,FALSE,No,No,617,,Accelgor,0617,None,,,,,None,,None,,,,,None,,,,,,,
FALSE,FALSE,No,No,618,,Stunfisk,0618,None,,,,,None,,None,,,,,None,,,,,,,
,FALSE,No,No,618_g,,Galarian Stunfisk,,None,,,,,None,,None,,,,,None,,,,,,,
FALSE,FALSE,No,No,619,,Mienfoo,0619,None,,,,,None,,None,,,,,None,,,,,,,
FALSE,FALSE,No,No,620,,Mienshao,0620,None,,,,,None,,None,,,,,None,,,,,,,
FALSE,FALSE,No,No,621,,Druddigon,0621,None,,,,,None,,None,,,,,None,,,,,,,
FALSE,FALSE,No,No,622,,Golett,0622,None,,,,,None,,None,,,,,None,,,,,,,
FALSE,FALSE,No,No,623,,Golurk,0623,None,,,,,None,,None,,,,,None,,,,,,,
FALSE,FALSE,No,No,624,,Pawniard,0624,None,,,,,None,,None,,,,,None,,,,,,,
FALSE,FALSE,No,No,625,,Bisharp,0625,None,,,,,None,,None,,,,,None,,,,,,,
FALSE,FALSE,No,No,626,,Bouffalant,0626,None,,,,,None,,None,,,,,None,,,,,,,
FALSE,FALSE,No,No,627,,Rufflet,0627,None,,,,,None,,None,,,,,None,,,,,,,
FALSE,FALSE,No,No,628,,Braviary,0628,None,,,,,None,,None,,,,,None,,,,,,,
,FALSE,No,No,628_h,,Hisuian Braviary,,None,,,,,None,,None,,,,,None,,,,,,,
FALSE,FALSE,No,No,629,,Vullaby,0629,None,,,,,None,,None,,,,,None,,,,,,,
FALSE,FALSE,No,No,630,,Mandibuzz,0630,None,,,,,None,,None,,,,,None,,,,,,,
FALSE,FALSE,No,No,631,,Heatmor,0631,None,,,,,None,,None,,,,,None,,,,,,,
FALSE,FALSE,No,No,632,,Durant,0632,None,,,,,None,,None,,,,,None,,,,,,,
FALSE,FALSE,No,No,633,,Deino,0633,None,,,,,None,,None,,,,,None,,,,,,,
FALSE,FALSE,No,No,634,,Zweilous,0634,None,,,,,None,,None,,,,,None,,,,,,,
FALSE,FALSE,No,No,635,,Hydreigon,0635,None,,,,,None,,None,,,,,None,,,,,,,
FALSE,FALSE,No,No,636,,Larvesta,0636,None,,,,,None,,None,,,,,None,,,,,,,
FALSE,FALSE,No,No,637,,Volcarona,0637,None,,,,,None,,None,,,,,None,,,,,,,
FALSE,FALSE,No,No,638,,Cobalion,0638,None,,,,,None,,None,,,,,None,,,,,,,
FALSE,FALSE,No,No,639,,Terrakion,0639,None,,,,,None,,None,,,,,None,,,,,,,
FALSE,FALSE,No,No,640,,Virizion,0640,None,,,,,None,,None,,,,,None,,,,,,,
FALSE,FALSE,No,No,641_i,,Incarnate Forme Tornadus,0641,None,,,,,None,,None,,,,,None,,,,,,,
,FALSE,No,No,641_t,,Therian Forme Tornadus,,None,,,,,None,,None,,,,,None,,,,,,,
FALSE,FALSE,No,No,642_i,,Incarnate Forme Thundurus,0642,None,,,,,None,,None,,,,,None,,,,,,,
,FALSE,No,No,642_t,,Therian Forme Thundurus,,None,,,,,None,,None,,,,,None,,,,,,,
FALSE,FALSE,No,No,643,,Reshiram,0643,None,,,,,None,,None,,,,,None,,,,,,,
FALSE,FALSE,No,No,644,,Zekrom,0644,None,,,,,None,,None,,,,,None,,,,,,,
FALSE,FALSE,No,No,645_i,,Incarnate Forme Landorus,0645,None,,,,,None,,None,,,,,None,,,,,,,
,FALSE,No,No,645_t,,Therian Forme Landorus,,None,,,,,None,,None,,,,,None,,,,,,,
FALSE,FALSE,No,No,646,,Kyurem,0646,None,,,,,None,,None,,,,,None,,,,,,,
,,Unavailable,Unavailable,647,,Keldeo,0647,None,,,,,None,,None,,,,,None,,,,,,,
,,Unavailable,Unavailable,648,,Meloetta,0648,None,,,,,None,,None,,,,,None,,,,,,,
FALSE,FALSE,No,No,649,,Genesect,0649,None,,,,,None,,None,,,,,None,,,,,,,
FALSE,FALSE,No,No,650,,Chespin,0650,None,,,,,None,,None,,,,,None,,,,,,,
FALSE,FALSE,No,No,651,,Quilladin,0651,None,,,,,None,,None,,,,,None,,,,,,,
FALSE,FALSE,No,No,652,,Chesnaught,0652,None,,,,,None,,None,,,,,None,,,,,,,
FALSE,FALSE,No,No,653,,Fennekin,0653,None,,,,,None,,None,,,,,None,,,,,,,
FALSE,FALSE,No,No,654,,Braixen,0654,None,,,,,None,,None,,,,,None,,,,,,,
FALSE,FALSE,No,No,655,,Delphox,0655,None,,,,,None,,None,,,,,None,,,,,,,
FALSE,FALSE,No,No,656,,Froakie,0656,None,,,,,None,,None,,,,,None,,,,,,,
FALSE,FALSE,No,No,657,,Frogadier,0657,None,,,,,None,,None,,,,,None,,,,,,,
FALSE,FALSE,No,No,658,,Greninja,0658,None,,,,,None,,None,,,,,None,,,,,,,
FALSE,FALSE,No,No,659,,Bunnelby,0659,None,,,,,None,,None,,,,,None,,,,,,,
FALSE,FALSE,No,No,660,,Diggersby,0660,None,,,,,None,,None,,,,,None,,,,,,,
FALSE,FALSE,No,No,661,,Fletchling,0661,None,,,,,None,,None,,,,,None,,,,,,,
FALSE,FALSE,No,No,662,,Fletchinder,0662,None,,,,,None,,None,,,,,None,,,,,,,
FALSE,FALSE,No,No,663,,Talonflame,0663,None,,,,,None,,None,,,,,None,,,,,,,
FALSE,FALSE,No,No,664,,Scatterbug,0664,None,,,,,None,,None,,,,,None,,,,,,,
FALSE,FALSE,No,No,665,,Spewpa,0665,None,,,,,None,,None,,,,,None,,,,,,,
FALSE,FALSE,No,No,666_i,,Meadow Pattern Vivillon,0666,None,,,,,None,,None,,,,,None,,,,,,,
,FALSE,No,No,666_p,,Polar Pattern Vivillon,,None,,,,,None,,None,,,,,None,,,,,,,
,FALSE,No,No,666_t,,Tundra Pattern Vivillon,,None,,,,,None,,None,,,,,None,,,,,,,
,FALSE,No,No,666_c,,Continental Pattern Vivillon,,None,,,,,None,,None,,,,,None,,,,,,,
,FALSE,No,No,666_g,,Garden Pattern Vivillon,,None,,,,,None,,None,,,,,None,,,,,,,
,FALSE,No,No,666_e,,Elegant Pattern Vivillon,,None,,,,,None,,None,,,,,None,,,,,,,
,FALSE,No,No,666_m,,Icy Snow Pattern Vivillon,,None,,,,,None,,None,,,,,None,,,,,,,
,FALSE,No,No,666_mo,,Modern Pattern Vivillon,,None,,,,,None,,None,,,,,None,,,,,,,
,FALSE,No,No,666_ma,,Marine Pattern Vivillon,,None,,,,,None,,None,,,,,None,,,,,,,
,FALSE,No,No,666_a,,Archipelago Pattern Vivillon,,None,,,,,None,,None,,,,,None,,,,,,,
,FALSE,No,No,666_h,,High Plains Pattern Vivillon,,None,,,,,None,,None,,,,,None,,,,,,,
,FALSE,No,No,666_s,,Sandstorm Pattern Vivillon,,None,,,,,None,,None,,,,,None,,,,,,,
,FALSE,No,No,666_r,,River Pattern Vivillon,,None,,,,,None,,None,,,,,None,,,,,,,
,FALSE,No,No,666_mon,,Monsoon Pattern Vivillon,,None,,,,,None,,None,,,,,None,,,,,,,
,FALSE,No,No,666_sa,,Savannah Pattern Vivillon,,None,,,,,None,,None,,,,,None,,,,,,,
,FALSE,No,No,666_su,,Sun Pattern Vivillon,,None,,,,,None,,None,,,,,None,,,,,,,
,FALSE,No,No,666_o,,Ocean Pattern Vivillon,,None,,,,,None,,None,,,,,None,,,,,,,
,FALSE,No,No,666_j,,Jungle Pattern Vivillon,,None,,,,,None,,None,,,,,None,,,,,,,
,FALSE,No,No,666_f,,Fancy Pattern Vivillon,,None,,,,,None,,None,,,,,None,,,,,,,
,,Unavailable,Unavailable,666_pb,,Poké Ball Pattern Vivillon,,None,,,,,None,,None,,,,,None,,,,,,,
FALSE,FALSE,No,No,667,,Litleo,0667,None,,,,,None,,None,,,,,None,,,,,,,
FALSE,FALSE,No,No,668_m,,Pyroar ♂,0668,None,,,,,None,,None,,,,,None,,,,,,,
,FALSE,No,No,668_f,,Pyroar ♀,,None,,,,,None,,None,,,,,None,,,,,,,
FALSE,FALSE,No,No,669_r,,Red Flower Flabébé,0669,None,,,,,None,,None,,,,,None,,,,,,,
,FALSE,No,No,669_b,,Yellow Flower Flabébé,,None,,,,,None,,None,,,,,None,,,,,,,
,FALSE,No,No,669_o,,Orange Flower Flabébé,,None,,,,,None,,None,,,,,None,,,,,,,
,FALSE,No,No,669_w,,Blue Flower Flabébé,,None,,,,,None,,None,,,,,None,,,,,,,
,FALSE,No,No,669_y,,White Flower Flabébé,,None,,,,,None,,None,,,,,None,,,,,,,
FALSE,FALSE,No,No,670_r,,Red Flower Floette,0670,None,,,,,None,,None,,,,,None,,,,,,,
,FALSE,No,No,670_b,,Yellow Flower Floette,,None,,,,,None,,None,,,,,None,,,,,,,
,FALSE,No,No,670_o,,Orange Flower Floette,,None,,,,,None,,None,,,,,None,,,,,,,
,FALSE,No,No,670_w,,Blue Flower Floette,,None,,,,,None,,None,,,,,None,,,,,,,
,FALSE,No,No,670_y,,Whtie Flower Floette,,None,,,,,None,,None,,,,,None,,,,,,,
FALSE,FALSE,No,No,671_r,,Red Flower Florges,0671,None,,,,,None,,None,,,,,None,,,,,,,
,FALSE,No,No,671_b,,Yellow Flower Florges,,None,,,,,None,,None,,,,,None,,,,,,,
,FALSE,No,No,671_o,,Orange Flower Florges,,None,,,,,None,,None,,,,,None,,,,,,,
,FALSE,No,No,671_w,,Blue Flower Florges,,None,,,,,None,,None,,,,,None,,,,,,,
,FALSE,No,No,671_y,,White Flower Florges,,None,,,,,None,,None,,,,,None,,,,,,,
FALSE,FALSE,No,No,672,,Skiddo,0672,None,,,,,None,,None,,,,,None,,,,,,,
FALSE,FALSE,No,No,673,,Gogoat,0673,None,,,,,None,,None,,,,,None,,,,,,,
FALSE,FALSE,No,No,674,,Pancham,0674,None,,,,,None,,None,,,,,None,,,,,,,
FALSE,FALSE,No,No,675,,Pangoro,0675,None,,,,,None,,None,,,,,None,,,,,,,
FALSE,FALSE,No,No,676_n,,Natural Form Furfrou,0676,None,,,,,None,,None,,,,,None,,,,,,,
,FALSE,No,No,676_h,,Heart Trim Furfrou,,None,,,,,None,,None,,,,,None,,,,,,,
,FALSE,No,No,676_s,,Star Trim Furfrou,,None,,,,,None,,None,,,,,None,,,,,,,
,FALSE,No,No,676_d,,Diamond Trim Furfrou,,None,,,,,None,,None,,,,,None,,,,,,,
,FALSE,No,No,676_de,,Debutante Trim Furfrou,,None,,,,,None,,None,,,,,None,,,,,,,
,FALSE,No,No,676_m,,Matron Trim Furfrou,,None,,,,,None,,None,,,,,None,,,,,,,
,FALSE,No,No,676_da,,Dandy Trim Furfrou,,None,,,,,None,,None,,,,,None,,,,,,,
,FALSE,No,No,676_r,,La Reine Trim Furfrou,,None,,,,,None,,None,,,,,None,,,,,,,
,FALSE,No,No,676_k,,Kabuki Trim Furfrou,,None,,,,,None,,None,,,,,None,,,,,,,
,FALSE,No,No,676_p,,Pharaoh Trim Furfrou,,None,,,,,None,,None,,,,,None,,,,,,,
FALSE,FALSE,No,No,677,,Espurr,0677,None,,,,,None,,None,,,,,None,,,,,,,
FALSE,FALSE,No,No,678_m,,Meowstic ♂,0678,None,,,,,None,,None,,,,,None,,,,,,,
,FALSE,No,No,678_f,,Meowstic ♀,,None,,,,,None,,None,,,,,None,,,,,,,
FALSE,FALSE,No,No,679,,Honedge,0679,None,,,,,None,,None,,,,,None,,,,,,,
FALSE,FALSE,No,No,680,,Doublade,0680,None,,,,,None,,None,,,,,None,,,,,,,
FALSE,FALSE,No,No,681,,Aegislash,0681,None,,,,,None,,None,,,,,None,,,,,,,
FALSE,FALSE,No,No,682,,Spritzee,0682,None,,,,,None,,None,,,,,None,,,,,,,
FALSE,FALSE,No,No,683,,Aromatisse,0683,None,,,,,None,,None,,,,,None,,,,,,,
FALSE,FALSE,No,No,684,,Swirlix,0684,None,,,,,None,,None,,,,,None,,,,,,,
FALSE,FALSE,No,No,685,,Slurpuff,0685,None,,,,,None,,None,,,,,None,,,,,,,
FALSE,FALSE,No,No,686,,Inkay,0686,None,,,,,None,,None,,,,,None,,,,,,,
FALSE,FALSE,No,No,687,,Malamar,0687,None,,,,,None,,None,,,,,None,,,,,,,
FALSE,FALSE,No,No,688,,Binacle,0688,None,,,,,None,,None,,,,,None,,,,,,,
FALSE,FALSE,No,No,689,,Barbaracle,0689,None,,,,,None,,None,,,,,None,,,,,,,
FALSE,FALSE,No,No,690,,Skrelp,0690,None,,,,,None,,None,,,,,None,,,,,,,
FALSE,FALSE,No,No,691,,Dragalge,0691,None,,,,,None,,None,,,,,None,,,,,,,
FALSE,FALSE,No,No,692,,Clauncher,0692,None,,,,,None,,None,,,,,None,,,,,,,
FALSE,FALSE,No,No,693,,Clawitzer,0693,None,,,,,None,,None,,,,,None,,,,,,,
FALSE,FALSE,No,No,694,,Helioptile,0694,None,,,,,None,,None,,,,,None,,,,,,,
FALSE,FALSE,No,No,695,,Heliolisk,0695,None,,,,,None,,None,,,,,None,,,,,,,
FALSE,FALSE,No,No,696,,Tyrunt,0696,None,,,,,None,,None,,,,,None,,,,,,,
FALSE,FALSE,No,No,697,,Tyrantrum,0697,None,,,,,None,,None,,,,,None,,,,,,,
FALSE,FALSE,No,No,698,,Amaura,0698,None,,,,,None,,None,,,,,None,,,,,,,
FALSE,FALSE,No,No,699,,Aurorus,0699,None,,,,,None,,None,,,,,None,,,,,,,
FALSE,FALSE,No,No,700,,Sylveon,0700,None,,,,,None,,None,,,,,None,,,,,,,
FALSE,FALSE,No,No,701,,Hawlucha,0701,None,,,,,None,,None,,,,,None,,,,,,,
FALSE,FALSE,No,No,702,,Dedenne,0702,None,,,,,None,,None,,,,,None,,,,,,,
FALSE,FALSE,No,No,703,,Carbink,0703,None,,,,,None,,None,,,,,None,,,,,,,
FALSE,FALSE,No,No,704,,Goomy,0704,None,,,,,None,,None,,,,,None,,,,,,,
FALSE,FALSE,No,No,705,,Sliggoo,0705,None,,,,,None,,None,,,,,None,,,,,,,
,FALSE,No,No,705_h,,Hisuian Sliggoo,,None,,,,,None,,None,,,,,None,,,,,,,
FALSE,FALSE,No,No,706,,Goodra,0706,None,,,,,None,,None,,,,,None,,,,,,,
,FALSE,No,No,706_h,,Hisuian Goodra,,None,,,,,None,,None,,,,,None,,,,,,,
FALSE,FALSE,No,No,707,,Klefki,0707,None,,,,,None,,None,,,,,None,,,,,,,
FALSE,FALSE,No,No,708,,Phantump,0708,None,,,,,None,,None,,,,,None,,,,,,,
FALSE,FALSE,No,No,709,,Trevenant,0709,None,,,,,None,,None,,,,,None,,,,,,,
FALSE,FALSE,No,No,710_s,,Small Size Pumpkaboo,0710,None,,,,,None,,None,,,,,None,,,,,,,
,FALSE,No,No,710_a,,Average Size Pumpkaboo,,None,,,,,None,,None,,,,,None,,,,,,,
,FALSE,No,No,710_l,,Large Size Pumpkaboo,,None,,,,,None,,None,,,,,None,,,,,,,
,FALSE,No,No,710_su,,Super Size Pumpkaboo,,None,,,,,None,,None,,,,,None,,,,,,,
FALSE,FALSE,No,No,711_s,,Small Size Gourgeist,0711,None,,,,,None,,None,,,,,None,,,,,,,
,FALSE,No,No,711_a,,Average Size Gourgeist,,None,,,,,None,,None,,,,,None,,,,,,,
,FALSE,No,No,711_l,,Large Size Gourgeist,,None,,,,,None,,None,,,,,None,,,,,,,
,FALSE,No,No,711_su,,Super Size Gourgeist,,None,,,,,None,,None,,,,,None,,,,,,,
FALSE,FALSE,No,No,712,,Bergmite,0712,None,,,,,None,,None,,,,,None,,,,,,,
FALSE,FALSE,No,No,713,,Avalugg,0713,None,,,,,None,,None,,,,,None,,,,,,,
,FALSE,No,No,713_h,,Hisuian Avalugg,,None,,,,,None,,None,,,,,None,,,,,,,
FALSE,FALSE,No,No,714,,Noibat,0714,None,,,,,None,,None,,,,,None,,,,,,,
FALSE,FALSE,No,No,715,,Noivern,0715,None,,,,,None,,None,,,,,None,,,,,,,
FALSE,FALSE,No,No,716,,Xerneas,0716,None,,,,,None,,None,,,,,None,,,,,,,
FALSE,FALSE,No,No,717,,Yveltal,0717,None,,,,,None,,None,,,,,None,,,,,,,
FALSE,FALSE,No,No,718_10,,10% Forme Zygarde,0718,None,,,,,None,,None,,,,,None,,,,,,,
,FALSE,No,No,718_50,,50% Forme Zygarde,,None,,,,,None,,None,,,,,None,,,,,,,
FALSE,FALSE,No,No,719,,Diancie,0719,None,,,,,None,,None,,,,,None,,,,,,,
,,Unavailable,Unavailable,720,,Hoopa,0720,None,,,,,None,,None,,,,,None,,,,,,,
,,Unavailable,Unavailable,721,,Volcanion,0721,None,,,,,None,,None,,,,,None,,,,,,,
FALSE,FALSE,No,No,722,,Rowlet,0722,None,,,,,None,,None,,,,,None,,,,,,,
FALSE,FALSE,No,No,723,,Dartrix,0723,None,,,,,None,,None,,,,,None,,,,,,,
FALSE,FALSE,No,No,724,,Decidueye,0724,None,,,,,None,,None,,,,,None,,,,,,,
,FALSE,No,No,724_h,,Hisuian Decidueye,,None,,,,,None,,None,,,,,None,,,,,,,
FALSE,FALSE,No,No,725,,Litten,0725,None,,,,,None,,None,,,,,None,,,,,,,
FALSE,FALSE,No,No,726,,Torracat,0726,None,,,,,None,,None,,,,,None,,,,,,,
FALSE,FALSE,No,No,727,,Incineroar,0727,None,,,,,None,,None,,,,,None,,,,,,,
FALSE,FALSE,No,No,728,,Popplio,0728,None,,,,,None,,None,,,,,None,,,,,,,
FALSE,FALSE,No,No,729,,Brionne,0729,None,,,,,None,,None,,,,,None,,,,,,,
FALSE,FALSE,No,No,730,,Primarina,0730,None,,,,,None,,None,,,,,None,,,,,,,
FALSE,FALSE,No,No,731,,Pikipek,0731,None,,,,,None,,None,,,,,None,,,,,,,
FALSE,FALSE,No,No,732,,Trumbeak,0732,None,,,,,None,,None,,,,,None,,,,,,,
FALSE,FALSE,No,No,733,,Toucannon,0733,None,,,,,None,,None,,,,,None,,,,,,,
FALSE,FALSE,No,No,734,,Yungoos,0734,None,,,,,None,,None,,,,,None,,,,,,,
FALSE,FALSE,No,No,735,,Gumshoos,0735,None,,,,,None,,None,,,,,None,,,,,,,
FALSE,FALSE,No,No,736,,Grubbin,0736,None,,,,,None,,None,,,,,None,,,,,,,
FALSE,FALSE,No,No,737,,Charjabug,0737,None,,,,,None,,None,,,,,None,,,,,,,
FALSE,FALSE,No,No,738,,Vikavolt,0738,None,,,,,None,,None,,,,,None,,,,,,,
FALSE,FALSE,No,No,739,,Crabrawler,0739,None,,,,,None,,None,,,,,None,,,,,,,
FALSE,FALSE,No,No,740,,Crabominable,0740,None,,,,,None,,None,,,,,None,,,,,,,
FALSE,FALSE,No,No,741_b,,Baile Style Oricorio,0741,None,,,,,None,,None,,,,,None,,,,,,,
,FALSE,No,No,741_p,,Pom-Pom Style Oricorio,,None,,,,,None,,None,,,,,None,,,,,,,
,FALSE,No,No,741_pa,,Pa'u Style Oricorio,,None,,,,,None,,None,,,,,None,,,,,,,
,FALSE,No,No,741_s,,Sensu Style Oricorio,,None,,,,,None,,None,,,,,None,,,,,,,
FALSE,FALSE,No,No,742,,Cutiefly,0742,None,,,,,None,,None,,,,,None,,,,,,,
FALSE,FALSE,No,No,743,,Ribombee,0743,None,,,,,None,,None,,,,,None,,,,,,,
FALSE,FALSE,No,No,744,,Rockruff,0744,None,,,,,None,,None,,,,,None,,,,,,,
FALSE,FALSE,No,No,745_m,,Midday Lycanroc,0745,None,,,,,None,,None,,,,,None,,,,,,,
,FALSE,No,No,745_mi,,Midnight Lycanroc,,None,,,,,None,,None,,,,,None,,,,,,,
,FALSE,No,No,745_d,,Dusk Lycanroc,,None,,,,,None,,None,,,,,None,,,,,,,
FALSE,FALSE,No,No,746,,Wishiwashi,0746,None,,,,,None,,None,,,,,None,,,,,,,
FALSE,FALSE,No,No,747,,Mareanie,0747,None,,,,,None,,None,,,,,None,,,,,,,
FALSE,FALSE,No,No,748,,Toxapex,0748,None,,,,,None,,None,,,,,None,,,,,,,
FALSE,FALSE,No,No,749,,Mudbray,0749,None,,,,,None,,None,,,,,None,,,,,,,
FALSE,FALSE,No,No,750,,Mudsdale,0750,None,,,,,None,,None,,,,,None,,,,,,,
FALSE,FALSE,No,No,751,,Dewpider,0751,None,,,,,None,,None,,,,,None,,,,,,,
FALSE,FALSE,No,No,752,,Araquanid,0752,None,,,,,None,,None,,,,,None,,,,,,,
FALSE,FALSE,No,No,753,,Fomantis,0753,None,,,,,None,,None,,,,,None,,,,,,,
FALSE,FALSE,No,No,754,,Lurantis,0754,None,,,,,None,,None,,,,,None,,,,,,,
FALSE,FALSE,No,No,755,,Morelull,0755,None,,,,,None,,None,,,,,None,,,,,,,
FALSE,FALSE,No,No,756,,Shiinotic,0756,None,,,,,None,,None,,,,,None,,,,,,,
FALSE,FALSE,No,No,757,,Salandit,0757,None,,,,,None,,None,,,,,None,,,,,,,
FALSE,FALSE,No,No,758,,Salazzle,0758,None,,,,,None,,None,,,,,None,,,,,,,
FALSE,FALSE,No,No,759,,Stufful,0759,None,,,,,None,,None,,,,,None,,,,,,,
FALSE,FALSE,No,No,760,,Bewear,0760,None,,,,,None,,None,,,,,None,,,,,,,
FALSE,FALSE,No,No,761,,Bounsweet,0761,None,,,,,None,,None,,,,,None,,,,,,,
FALSE,FALSE,No,No,762,,Steenee,0762,None,,,,,None,,None,,,,,None,,,,,,,
FALSE,FALSE,No,No,763,,Tsareena,0763,None,,,,,None,,None,,,,,None,,,,,,,
FALSE,FALSE,No,No,764,,Comfey,0764,None,,,,,None,,None,,,,,None,,,,,,,
FALSE,FALSE,No,No,765,,Oranguru,0765,None,,,,,None,,None,,,,,None,,,,,,,
FALSE,FALSE,No,No,766,,Passimian,0766,None,,,,,None,,None,,,,,None,,,,,,,
FALSE,FALSE,No,No,767,,Wimpod,0767,None,,,,,None,,None,,,,,None,,,,,,,
FALSE,FALSE,No,No,768,,Golisopod,0768,None,,,,,None,,None,,,,,None,,,,,,,
FALSE,FALSE,No,No,769,,Sandygast,0769,None,,,,,None,,None,,,,,None,,,,,,,
FALSE,FALSE,No,No,770,,Palossand,0770,None,,,,,None,,None,,,,,None,,,,,,,
FALSE,FALSE,No,No,771,,Pyukumuku,0771,None,,,,,None,,None,,,,,None,,,,,,,
FALSE,FALSE,No,No,772,,Type: Null,0772,None,,,,,None,,None,,,,,None,,,,,,,
FALSE,FALSE,No,No,773,,Silvally,0773,None,,,,,None,,None,,,,,None,,,,,,,
FALSE,FALSE,No,No,774,,Minior,0774,None,,,,,None,,None,,,,,None,,,,,,,
FALSE,FALSE,No,No,775,,Komala,0775,None,,,,,None,,None,,,,,None,,,,,,,
FALSE,FALSE,No,No,776,,Turtonator,0776,None,,,,,None,,None,,,,,None,,,,,,,
FALSE,FALSE,No,No,777,,Togedemaru,0777,None,,,,,None,,None,,,,,None,,,,,,,
FALSE,FALSE,No,No,778,,Mimikyu,0778,None,,,,,None,,None,,,,,None,,,,,,,
FALSE,FALSE,No,No,779,,Bruxish,0779,None,,,,,None,,None,,,,,None,,,,,,,
FALSE,FALSE,No,No,780,,Drampa,0780,None,,,,,None,,None,,,,,None,,,,,,,
FALSE,FALSE,No,No,781,,Dhelmise,0781,None,,,,,None,,None,,,,,None,,,,,,,
FALSE,FALSE,No,No,782,,Jangmo-o,0782,None,,,,,None,,None,,,,,None,,,,,,,
FALSE,FALSE,No,No,783,,Hakamo-o,0783,None,,,,,None,,None,,,,,None,,,,,,,
FALSE,FALSE,No,No,784,,Kommo-o,0784,None,,,,,None,,None,,,,,None,,,,,,,
FALSE,FALSE,No,No,785,,Tapu Koko,0785,None,,,,,None,,None,,,,,None,,,,,,,
FALSE,FALSE,No,No,786,,Tapu Lele,0786,None,,,,,None,,None,,,,,None,,,,,,,
FALSE,FALSE,No,No,787,,Tapu Bulu,0787,None,,,,,None,,None,,,,,None,,,,,,,
FALSE,FALSE,No,No,788,,Tapu Fini,0788,None,,,,,None,,None,,,,,None,,,,,,,
,,Unavailable,Unavailable,789,,Cosmog,0789,None,,,,,None,,None,,,,,None,,,,,,,
,,Unavailable,Unavailable,790,,Cosmoem,0790,None,,,,,None,,None,,,,,None,,,,,,,
FALSE,FALSE,No,No,791,,Solgaleo,0791,None,,,,,None,,None,,,,,None,,,,,,,
FALSE,FALSE,No,No,792,,Lunala,0792,None,,,,,None,,None,,,,,None,,,,,,,
FALSE,FALSE,No,No,793,,Nihilego,0793,None,,,,,None,,None,,,,,None,,,,,,,
FALSE,FALSE,No,No,794,,Buzzwole,0794,None,,,,,None,,None,,,,,None,,,,,,,
FALSE,FALSE,No,No,795,,Pheromosa,0795,None,,,,,None,,None,,,,,None,,,,,,,
FALSE,FALSE,No,No,796,,Xurkitree,0796,None,,,,,None,,None,,,,,None,,,,,,,
FALSE,FALSE,No,No,797,,Celesteela,0797,None,,,,,None,,None,,,,,None,,,,,,,
FALSE,FALSE,No,No,798,,Kartana,0798,None,,,,,None,,None,,,,,None,,,,,,,
FALSE,FALSE,No,No,799,,Guzzlord,0799,None,,,,,None,,None,,,,,None,,,,,,,
FALSE,FALSE,No,No,800,,Necrozma,0800,None,,,,,None,,None,,,,,None,,,,,,,
,,Unavailable,Unavailable,801,,Magearna,0801,None,,,,,None,,None,,,,,None,,,,,,,
,,Unavailable,Unavailable,801_o,,Original Color Magearna,,None,,,,,None,,None,,,,,None,,,,,,,
,,Unavailable,Unavailable,802,,Marshadow,0802,None,,,,,None,,None,,,,,None,,,,,,,
FALSE,FALSE,No,No,803,,Poipole,0803,None,,,,,None,,None,,,,,None,,,,,,,
FALSE,FALSE,No,No,804,,Naganadel,0804,None,,,,,None,,None,,,,,None,,,,,,,
FALSE,FALSE,No,No,805,,Stakataka,0805,None,,,,,None,,None,,,,,None,,,,,,,
FALSE,FALSE,No,No,806,,Blacephalon,0806,None,,,,,None,,None,,,,,None,,,,,,,
FALSE,FALSE,No,No,807,,Zeraora,0807,None,,,,,None,,None,,,,,None,,,,,,,
FALSE,FALSE,No,No,808,,Meltan,0808,None,,,,,None,,None,,,,,None,,,,,,,
,,Unavailable,Unavailable,809,,Melmetal,0809,None,,,,,None,,None,,,,,None,,,,,,,
FALSE,FALSE,No,No,810,,Grookey,0810,None,,,,,None,,None,,,,,None,,,,,,,
FALSE,FALSE,No,No,811,,Thwackey,0811,None,,,,,None,,None,,,,,None,,,,,,,
FALSE,FALSE,No,No,812,,Rillaboom,0812,None,,,,,None,,None,,,,,None,,,,,,,
FALSE,FALSE,No,No,813,,Scorbunny,0813,None,,,,,None,,None,,,,,None,,,,,,,
FALSE,FALSE,No,No,814,,Raboot,0814,None,,,,,None,,None,,,,,None,,,,,,,
FALSE,FALSE,No,No,815,,Cinderace,0815,None,,,,,None,,None,,,,,None,,,,,,,
FALSE,FALSE,No,No,816,,Sobble,0816,None,,,,,None,,None,,,,,None,,,,,,,
FALSE,FALSE,No,No,817,,Drizzile,0817,None,,,,,None,,None,,,,,None,,,,,,,
FALSE,FALSE,No,No,818,,Inteleon,0818,None,,,,,None,,None,,,,,None,,,,,,,
FALSE,FALSE,No,No,819,,Skwovet,0819,None,,,,,None,,None,,,,,None,,,,,,,
FALSE,FALSE,No,No,820,,Greedent,0820,None,,,,,None,,None,,,,,None,,,,,,,
FALSE,FALSE,No,No,821,,Rookidee,0821,None,,,,,None,,None,,,,,None,,,,,,,
FALSE,FALSE,No,No,822,,Corvisquire,0822,None,,,,,None,,None,,,,,None,,,,,,,
FALSE,FALSE,No,No,823,,Corviknight,0823,None,,,,,None,,None,,,,,None,,,,,,,
FALSE,FALSE,No,No,824,,Blipbug,0824,None,,,,,None,,None,,,,,None,,,,,,,
FALSE,FALSE,No,No,825,,Dottler,0825,None,,,,,None,,None,,,,,None,,,,,,,
FALSE,FALSE,No,No,826,,Orbeetle,0826,None,,,,,None,,None,,,,,None,,,,,,,
FALSE,FALSE,No,No,827,,Nickit,0827,None,,,,,None,,None,,,,,None,,,,,,,
FALSE,FALSE,No,No,828,,Thievul,0828,None,,,,,None,,None,,,,,None,,,,,,,
FALSE,FALSE,No,No,829,,Gossifleur,0829,None,,,,,None,,None,,,,,None,,,,,,,
FALSE,FALSE,No,No,830,,Eldegoss,0830,None,,,,,None,,None,,,,,None,,,,,,,
FALSE,FALSE,No,No,831,,Wooloo,0831,None,,,,,None,,None,,,,,None,,,,,,,
FALSE,FALSE,No,No,832,,Dubwool,0832,None,,,,,None,,None,,,,,None,,,,,,,
FALSE,FALSE,No,No,833,,Chewtle,0833,None,,,,,None,,None,,,,,None,,,,,,,
FALSE,FALSE,No,No,834,,Drednaw,0834,None,,,,,None,,None,,,,,None,,,,,,,
FALSE,FALSE,No,No,835,,Yamper,0835,None,,,,,None,,None,,,,,None,,,,,,,
FALSE,FALSE,No,No,836,,Boltund,0836,None,,,,,None,,None,,,,,None,,,,,,,
FALSE,FALSE,No,No,837,,Rolycoly,0837,None,,,,,None,,None,,,,,None,,,,,,,
FALSE,FALSE,No,No,838,,Carkol,0838,None,,,,,None,,None,,,,,None,,,,,,,
FALSE,FALSE,No,No,839,,Coalossal,0839,None,,,,,None,,None,,,,,None,,,,,,,
FALSE,FALSE,No,No,840,,Applin,0840,None,,,,,None,,None,,,,,None,,,,,,,
FALSE,FALSE,No,No,841,,Flapple,0841,None,,,,,None,,None,,,,,None,,,,,,,
FALSE,FALSE,No,No,842,,Appletun,0842,None,,,,,None,,None,,,,,None,,,,,,,
FALSE,FALSE,No,No,843,,Silicobra,0843,None,,,,,None,,None,,,,,None,,,,,,,
FALSE,FALSE,No,No,844,,Sandaconda,0844,None,,,,,None,,None,,,,,None,,,,,,,
FALSE,FALSE,No,No,845,,Cramorant,0845,None,,,,,None,,None,,,,,None,,,,,,,
FALSE,FALSE,No,No,846,,Arrokuda,0846,None,,,,,None,,None,,,,,None,,,,,,,
FALSE,FALSE,No,No,847,,Barraskewda,0847,None,,,,,None,,None,,,,,None,,,,,,,
FALSE,FALSE,No,No,848,,Toxel,0848,None,,,,,None,,None,,,,,None,,,,,,,
FALSE,FALSE,No,No,849_a,,Amped Toxtricity,0849,None,,,,,None,,None,,,,,None,,,,,,,
,FALSE,No,No,849_l,,Low Key Toxtricity,,None,,,,,None,,None,,,,,None,,,,,,,
FALSE,FALSE,No,No,850,,Sizzlipede,0850,None,,,,,None,,None,,,,,None,,,,,,,
FALSE,FALSE,No,No,851,,Centiskorch,0851,None,,,,,None,,None,,,,,None,,,,,,,
FALSE,FALSE,No,No,852,,Clobbopus,0852,None,,,,,None,,None,,,,,None,,,,,,,
FALSE,FALSE,No,No,853,,Grapploct,0853,None,,,,,None,,None,,,,,None,,,,,,,
FALSE,FALSE,No,No,854_p,,Phony Sinistea,0854,None,,,,,None,,None,,,,,None,,,,,,,
,FALSE,No,No,854_a,,Antique Sinistea,,None,,,,,None,,None,,,,,None,,,,,,,
FALSE,FALSE,No,No,855_p,,Phony Polteageist,0855,None,,,,,None,,None,,,,,None,,,,,,,
,FALSE,No,No,855_a,,Antique Polteageist,,None,,,,,None,,None,,,,,None,,,,,,,
FALSE,FALSE,No,No,856,,Hatenna,0856,None,,,,,None,,None,,,,,None,,,,,,,
FALSE,FALSE,No,No,857,,Hattrem,0857,None,,,,,None,,None,,,,,None,,,,,,,
FALSE,FALSE,No,No,858,,Hatterene,0858,None,,,,,None,,None,,,,,None,,,,,,,
FALSE,FALSE,No,No,859,,Impidimp,0859,None,,,,,None,,None,,,,,None,,,,,,,
FALSE,FALSE,No,No,860,,Morgrem,0860,None,,,,,None,,None,,,,,None,,,,,,,
FALSE,FALSE,No,No,861,,Grimmsnarl,0861,None,,,,,None,,None,,,,,None,,,,,,,
FALSE,FALSE,No,No,862,,Obstagoon,0862,None,,,,,None,,None,,,,,None,,,,,,,
FALSE,FALSE,No,No,863,,Perrserker,0863,None,,,,,None,,None,,,,,None,,,,,,,
FALSE,FALSE,No,No,864,,Cursola,0864,None,,,,,None,,None,,,,,None,,,,,,,
FALSE,FALSE,No,No,865,,Sirfetch'd,0865,None,,,,,None,,None,,,,,None,,,,,,,
FALSE,FALSE,No,No,866,,Mr. Rime,0866,None,,,,,None,,None,,,,,None,,,,,,,
FALSE,FALSE,No,No,867,,Runerigus,0867,None,,,,,None,,None,,,,,None,,,,,,,
FALSE,FALSE,No,No,868,,Milcery,0868,None,,,,,None,,None,,,,,None,,,,,,,
FALSE,FALSE,No,No,869_sv,,Strawberry Vanilla Cream Alcremie,0869,None,,,,,None,,None,,,,,None,,,,,,,
,FALSE,No,No,869_bv,,Berry Vanilla Cream Alcremie,,None,,,,,None,,None,,,,,None,,,,,,,
,FALSE,No,No,869_lv,,Love Vanilla Cream Alcremie,,None,,,,,None,,None,,,,,None,,,,,,,
,FALSE,No,No,869_cv,,Clover Vanilla Cream Alcremie,,None,,,,,None,,None,,,,,None,,,,,,,
,FALSE,No,No,869_fv,,Flower Vanilla Cream Alcremie,,None,,,,,None,,None,,,,,None,,,,,,,
,FALSE,No,No,869_stv,,Star Vanilla Cream Alcremie,,None,,,,,None,,None,,,,,None,,,,,,,
,FALSE,No,No,869_rv,,Ribbon Vanilla Cream Alcremie,,None,,,,,None,,None,,,,,None,,,,,,,
FALSE,FALSE,No,No,870,,Falinks,0870,None,,,,,None,,None,,,,,None,,,,,,,
FALSE,FALSE,No,No,871,,Pincurchin,0871,None,,,,,None,,None,,,,,None,,,,,,,
FALSE,FALSE,No,No,872,,Snom,0872,None,,,,,None,,None,,,,,None,,,,,,,
FALSE,FALSE,No,No,873,,Frosmoth,0873,None,,,,,None,,None,,,,,None,,,,,,,
FALSE,FALSE,No,No,874,,Stonjourner,0874,None,,,,,None,,None,,,,,None,,,,,,,
FALSE,FALSE,No,No,875,,Eiscue,0875,None,,,,,None,,None,,,,,None,,,,,,,
FALSE,FALSE,No,No,876_m,,Indeedee ♂,0876,None,,,,,None,,None,,,,,None,,,,,,,
,FALSE,No,No,876_f,,Indeedee ♀,,None,,,,,None,,None,,,,,None,,,,,,,
FALSE,FALSE,No,No,877,,Morpeko,0877,None,,,,,None,,None,,,,,None,,,,,,,
FALSE,FALSE,No,No,878,,Cufant,0878,None,,,,,None,,None,,,,,None,,,,,,,
FALSE,FALSE,No,No,879,,Copperajah,0879,None,,,,,None,,None,,,,,None,,,,,,,
FALSE,FALSE,No,No,880,,Dracozolt,0880,None,,,,,None,,None,,,,,None,,,,,,,
FALSE,FALSE,No,No,881,,Arctozolt,0881,None,,,,,None,,None,,,,,None,,,,,,,
FALSE,FALSE,No,No,882,,Dracovish,0882,None,,,,,None,,None,,,,,None,,,,,,,
FALSE,FALSE,No,No,883,,Arctovish,0883,None,,,,,None,,None,,,,,None,,,,,,,
FALSE,FALSE,No,No,884,,Duraludon,0884,None,,,,,None,,None,,,,,None,,,,,,,
FALSE,FALSE,No,No,885,,Dreepy,0885,None,,,,,None,,None,,,,,None,,,,,,,
FALSE,FALSE,No,No,886,,Drakloak,0886,None,,,,,None,,None,,,,,None,,,,,,,
FALSE,FALSE,No,No,887,,Dragapult,0887,None,,,,,None,,None,,,,,None,,,,,,,
FALSE,FALSE,No,No,888,,Zacian,0888,None,,,,,None,,None,,,,,None,,,,,,,
FALSE,FALSE,No,No,889,,Zamazenta,0889,None,,,,,None,,None,,,,,None,,,,,,,
FALSE,FALSE,No,No,890,,Eternatus,0890,None,,,,,None,,None,,,,,None,,,,,,,
,,Unavailable,Unavailable,891,,Kubfu,0891,None,,,,,None,,None,,,,,None,,,,,,,
,,Unavailable,Unavailable,892_s,,Single Strike Style Urshifu,0892,None,,,,,None,,None,,,,,None,,,,,,,
,,Unavailable,Unavailable,892_r,,Rapid Strike Style Urshifu,,None,,,,,None,,None,,,,,None,,,,,,,
,,Unavailable,Unavailable,893,,Zarude,0893,None,,,,,None,,None,,,,,None,,,,,,,
FALSE,FALSE,No,No,894,,Regieleki,0894,None,,,,,None,,None,,,,,None,,,,,,,
FALSE,FALSE,No,No,895,,Regidrago,0895,None,,,,,None,,None,,,,,None,,,,,,,
,,Unavailable,Unavailable,896,,Glastrier,0896,None,,,,,None,,None,,,,,None,,,,,,,
,,Unavailable,Unavailable,897,,Spectrier,0897,None,,,,,None,,None,,,,,None,,,,,,,
,,Unavailable,Unavailable,898,,Calyrex,0898,None,,,,,None,,None,,,,,None,,,,,,,
FALSE,FALSE,No,No,899,,Wyrdeer,0899,None,,,,,None,,None,,,,,None,,,,,,,
FALSE,FALSE,No,No,900,,Kleavor,0900,None,,,,,None,,None,,,,,None,,,,,,,
FALSE,FALSE,No,No,901,,Ursaluna,0901,None,,,,,None,,None,,,,,None,,,,,,,
,,Unavailable,Unavailable,901,,Bloodmoon Ursaluna,0901,None,,,,,None,,None,,,,,None,,,,,,,
FALSE,FALSE,No,No,902_m,,Basculegion ♂,0902,None,,,,,None,,None,,,,,None,,,,,,,
,FALSE,No,No,902_f,,Basculegion ♀,,None,,,,,None,,None,,,,,None,,,,,,,
FALSE,FALSE,No,No,903,,Sneasler,0903,None,,,,,None,,None,,,,,None,,,,,,,
FALSE,FALSE,No,No,904,,Overqwil,0904,None,,,,,None,,None,,,,,None,,,,,,,
,,No,No,905_i,,Incarnate Forme Enamorus,0905,None,,,,,None,,None,,,,,None,,,,,,,
,,Unavailable,Unavailable,905_t,,Therian Forme Enamorus,,None,,,,,None,,None,,,,,None,,,,,,,
FALSE,FALSE,No,No,906,,Sprigatito,0906,None,,,,,None,,None,,,,,None,,,,,,,
FALSE,FALSE,No,No,907,,Floragato,0907,None,,,,,None,,None,,,,,None,,,,,,,
FALSE,FALSE,No,No,908,,Meowscarada,0908,None,,,,,None,,None,,,,,None,,,,,,,
FALSE,FALSE,No,No,909,,Fuecoco,0909,None,,,,,None,,None,,,,,None,,,,,,,
FALSE,FALSE,No,No,910,,Crocalor,0910,None,,,,,None,,None,,,,,None,,,,,,,
FALSE,FALSE,No,No,911,,Skeledirge,0911,None,,,,,None,,None,,,,,None,,,,,,,
FALSE,FALSE,No,No,912,,Quaxly,0912,None,,,,,None,,None,,,,,None,,,,,,,
FALSE,FALSE,No,No,913,,Quaxwell,0913,None,,,,,None,,None,,,,,None,,,,,,,
FALSE,FALSE,No,No,914,,Quaquaval,0914,None,,,,,None,,None,,,,,None,,,,,,,
FALSE,FALSE,No,No,915,,Lechonk,0915,None,,,,,None,,None,,,,,None,,,,,,,
FALSE,FALSE,No,No,916_m,,Oinkologne ♂,0916,None,,,,,None,,None,,,,,None,,,,,,,
,FALSE,No,No,916_f,,Oinkologne ♀,,None,,,,,None,,None,,,,,None,,,,,,,
FALSE,FALSE,No,No,917,,Tarountula,0917,None,,,,,None,,None,,,,,None,,,,,,,
FALSE,FALSE,No,No,918,,Spidops,0918,None,,,,,None,,None,,,,,None,,,,,,,
FALSE,FALSE,No,No,919,,Nymble,0919,None,,,,,None,,None,,,,,None,,,,,,,
FALSE,FALSE,No,No,920,,Lokix,0920,None,,,,,None,,None,,,,,None,,,,,,,
FALSE,FALSE,No,No,921,,Pawmi,0921,None,,,,,None,,None,,,,,None,,,,,,,
FALSE,FALSE,No,No,922,,Pawmo,0922,None,,,,,None,,None,,,,,None,,,,,,,
FALSE,FALSE,No,No,923,,Pawmot,0923,None,,,,,None,,None,,,,,None,,,,,,,
FALSE,FALSE,No,No,924,,Tandemaus,0924,None,,,,,None,,None,,,,,None,,,,,,,
FALSE,FALSE,No,No,925_3,,Family of Three Maushold,0925,None,,,,,None,,None,,,,,None,,,,,,,
,FALSE,No,No,925_4,,Family of Four Maushold,,None,,,,,None,,None,,,,,None,,,,,,,
FALSE,FALSE,No,No,926,,Fidough,0926,None,,,,,None,,None,,,,,None,,,,,,,
FALSE,FALSE,No,No,927,,Dachsbun,0927,None,,,,,None,,None,,,,,None,,,,,,,
FALSE,FALSE,No,No,928,,Smoliv,0928,None,,,,,None,,None,,,,,None,,,,,,,
FALSE,FALSE,No,No,929,,Dolliv,0929,None,,,,,None,,None,,,,,None,,,,,,,
FALSE,FALSE,No,No,930,,Arboliva,0930,None,,,,,None,,None,,,,,None,,,,,,,
FALSE,FALSE,No,No,931_g,,Green Squawkabilly,0931,None,,,,,None,,None,,,,,None,,,,,,,
,FALSE,No,No,931_b,,Blue Squawkabilly,,None,,,,,None,,None,,,,,None,,,,,,,
,FALSE,No,No,931_y,,Yellow Squawkabilly,,None,,,,,None,,None,,,,,None,,,,,,,
,FALSE,No,No,931_w,,White Squawkabilly,,None,,,,,None,,None,,,,,None,,,,,,,
FALSE,FALSE,No,No,932,,Nacli,0932,None,,,,,None,,None,,,,,None,,,,,,,
FALSE,FALSE,No,No,933,,Naclstack,0933,None,,,,,None,,None,,,,,None,,,,,,,
FALSE,FALSE,No,No,934,,Garganacl,0934,None,,,,,None,,None,,,,,None,,,,,,,
FALSE,FALSE,No,No,935,,Charcadet,0935,None,,,,,None,,None,,,,,None,,,,,,,
FALSE,FALSE,No,No,936,,Armarouge,0936,None,,,,,None,,None,,,,,None,,,,,,,
FALSE,FALSE,No,No,937,,Ceruledge,0937,None,,,,,None,,None,,,,,None,,,,,,,
FALSE,FALSE,No,No,938,,Tadbulb,0938,None,,,,,None,,None,,,,,None,,,,,,,
FALSE,FALSE,No,No,939,,Bellibolt,0939,None,,,,,None,,None,,,,,None,,,,,,,
FALSE,FALSE,No,No,940,,Wattrel,0940,None,,,,,None,,None,,,,,None,,,,,,,
FALSE,FALSE,No,No,941,,Kilowattrel,0941,None,,,,,None,,None,,,,,None,,,,,,,
FALSE,FALSE,No,No,942,,Maschiff,0942,None,,,,,None,,None,,,,,None,,,,,,,
FALSE,FALSE,No,No,943,,Mabosstiff,0943,None,,,,,None,,None,,,,,None,,,,,,,
FALSE,FALSE,No,No,944,,Shroodle,0944,None,,,,,None,,None,,,,,None,,,,,,,
FALSE,FALSE,No,No,945,,Grafaiai,0945,None,,,,,None,,None,,,,,None,,,,,,,
FALSE,FALSE,No,No,946,,Bramblin,0946,None,,,,,None,,None,,,,,None,,,,,,,
FALSE,FALSE,No,No,947,,Brambleghast,0947,None,,,,,None,,None,,,,,None,,,,,,,
FALSE,FALSE,No,No,948,,Toedscool,0948,None,,,,,None,,None,,,,,None,,,,,,,
FALSE,FALSE,No,No,949,,Toedscruel,0949,None,,,,,None,,None,,,,,None,,,,,,,
FALSE,FALSE,No,No,950,,Klawf,0950,None,,,,,None,,None,,,,,None,,,,,,,
FALSE,FALSE,No,No,951,,Capsakid,0951,None,,,,,None,,None,,,,,None,,,,,,,
FALSE,FALSE,No,No,952,,Scovillain,0952,None,,,,,None,,None,,,,,None,,,,,,,
FALSE,FALSE,No,No,953,,Rellor,0953,None,,,,,None,,None,,,,,None,,,,,,,
FALSE,FALSE,No,No,954,,Rabsca,0954,None,,,,,None,,None,,,,,None,,,,,,,
FALSE,FALSE,No,No,955,,Flittle,0955,None,,,,,None,,None,,,,,None,,,,,,,
FALSE,FALSE,No,No,956,,Espathra,0956,None,,,,,None,,None,,,,,None,,,,,,,
FALSE,FALSE,No,No,957,,Tinkatink,0957,None,,,,,None,,None,,,,,None,,,,,,,
FALSE,FALSE,No,No,958,,Tinkatuff,0958,None,,,,,None,,None,,,,,None,,,,,,,
FALSE,FALSE,No,No,959,,Tinkaton,0959,None,,,,,None,,None,,,,,None,,,,,,,
FALSE,FALSE,No,No,960,,Wiglett,0960,None,,,,,None,,None,,,,,None,,,,,,,
FALSE,FALSE,No,No,961,,Wugtrio,0961,None,,,,,None,,None,,,,,None,,,,,,,
FALSE,FALSE,No,No,962,,Bombirdier,0962,None,,,,,None,,None,,,,,None,,,,,,,
FALSE,FALSE,No,No,963,,Finizen,0963,None,,,,,None,,None,,,,,None,,,,,,,
FALSE,FALSE,No,No,964,,Palafin,0964,None,,,,,None,,None,,,,,None,,,,,,,
FALSE,FALSE,No,No,965,,Varoom,0965,None,,,,,None,,None,,,,,None,,,,,,,
FALSE,FALSE,No,No,966,,Revavroom,0966,None,,,,,None,,None,,,,,None,,,,,,,
FALSE,FALSE,No,No,967,,Cyclizar,0967,None,,,,,None,,None,,,,,None,,,,,,,
FALSE,FALSE,No,No,968,,Orthworm,0968,None,,,,,None,,None,,,,,None,,,,,,,
FALSE,FALSE,No,No,969,,Glimmet,0969,None,,,,,None,,None,,,,,None,,,,,,,
FALSE,FALSE,No,No,970,,Glimmora,0970,None,,,,,None,,None,,,,,None,,,,,,,
FALSE,FALSE,No,No,971,,Greavard,0971,None,,,,,None,,None,,,,,None,,,,,,,
FALSE,FALSE,No,No,972,,Houndstone,0972,None,,,,,None,,None,,,,,None,,,,,,,
FALSE,FALSE,No,No,973,,Flamigo,0973,None,,,,,None,,None,,,,,None,,,,,,,
FALSE,FALSE,No,No,974,,Cetoddle,0974,None,,,,,None,,None,,,,,None,,,,,,,
FALSE,FALSE,No,No,975,,Cetitan,0975,None,,,,,None,,None,,,,,None,,,,,,,
FALSE,FALSE,No,No,976,,Veluza,0976,None,,,,,None,,None,,,,,None,,,,,,,
FALSE,FALSE,No,No,977,,Dondozo,0977,None,,,,,None,,None,,,,,None,,,,,,,
FALSE,FALSE,No,No,978_c,,Curly Tatsugiri,0978,None,,,,,None,,None,,,,,None,,,,,,,
,FALSE,No,No,978_s,,Stretch Tatsugiri,,None,,,,,None,,None,,,,,None,,,,,,,
,FALSE,No,No,978_d,,Droopy Tatsugiri,,None,,,,,None,,None,,,,,None,,,,,,,
FALSE,FALSE,No,No,979,,Annihilape,0979,None,,,,,None,,None,,,,,None,,,,,,,
FALSE,FALSE,No,No,980,,Clodsire,0980,None,,,,,None,,None,,,,,None,,,,,,,
FALSE,FALSE,No,No,981,,Farigiraf,0981,None,,,,,None,,None,,,,,None,,,,,,,
FALSE,FALSE,No,No,982_2,,Two Segment Dudunsparce,0982,None,,,,,None,,None,,,,,None,,,,,,,
,FALSE,No,No,982_3,,Three Segment Dudunsparce,,None,,,,,None,,None,,,,,None,,,,,,,
FALSE,FALSE,No,No,983,,Kingambit,0983,None,,,,,None,,None,,,,,None,,,,,,,
FALSE,FALSE,No,No,984,,Great Tusk,0984,None,,,,,None,,None,,,,,None,,,,,,,
FALSE,FALSE,No,No,985,,Scream Tail,0985,None,,,,,None,,None,,,,,None,,,,,,,
FALSE,FALSE,No,No,986,,Brute Bonnet,0986,None,,,,,None,,None,,,,,None,,,,,,,
FALSE,FALSE,No,No,987,,Flutter Mane,0987,None,,,,,None,,None,,,,,None,,,,,,,
FALSE,FALSE,No,No,988,,Slither Wing,0988,None,,,,,None,,None,,,,,None,,,,,,,
FALSE,FALSE,No,No,989,,Sandy Shocks,0989,None,,,,,None,,None,,,,,None,,,,,,,
FALSE,FALSE,No,No,990,,Iron Treads,0990,None,,,,,None,,None,,,,,None,,,,,,,
FALSE,FALSE,No,No,991,,Iron Bundle,0991,None,,,,,None,,None,,,,,None,,,,,,,
FALSE,FALSE,No,No,992,,Iron Hands,0992,None,,,,,None,,None,,,,,None,,,,,,,
FALSE,FALSE,No,No,993,,Iron Jugulis,0993,None,,,,,None,,None,,,,,None,,,,,,,
FALSE,FALSE,No,No,994,,Iron Moth,0994,None,,,,,None,,None,,,,,None,,,,,,,
FALSE,FALSE,No,No,995,,Iron Thorns,0995,None,,,,,None,,None,,,,,None,,,,,,,
FALSE,FALSE,No,No,996,,Frigibax,0996,None,,,,,None,,None,,,,,None,,,,,,,
FALSE,FALSE,No,No,997,,Arctibax,0997,None,,,,,None,,None,,,,,None,,,,,,,
FALSE,FALSE,No,No,998,,Baxcalibur,0998,None,,,,,None,,None,,,,,None,,,,,,,
FALSE,FALSE,No,No,999,,Gimmighoul,0999,None,,,,,None,,None,,,,,None,,,,,,,
FALSE,FALSE,No,No,1000,,Gholdengo,1000,None,,,,,None,,None,,,,,None,,,,,,,
,,Unavailable,Unavailable,1001,,Wo-Chien,1001,None,,,,,None,,None,,,,,None,,,,,,,
,,Unavailable,Unavailable,1002,,Chien-Pao,1002,None,,,,,None,,None,,,,,None,,,,,,,
,,Unavailable,Unavailable,1003,,Ting-Lu,1003,None,,,,,None,,None,,,,,None,,,,,,,
,,Unavailable,Unavailable,1004,,Chi-Yu,1004,None,,,,,None,,None,,,,,None,,,,,,,
FALSE,FALSE,No,No,1005,,Roaring Moon,1005,None,,,,,None,,None,,,,,None,,,,,,,
FALSE,FALSE,No,No,1006,,Iron Valiant,1006,None,,,,,None,,None,,,,,None,,,,,,,
,,Unavailable,Unavailable,1007,,Koraidon,1007,None,,,,,None,,None,,,,,None,,,,,,,
,,Unavailable,Unavailable,1008,,Miraidon,1008,None,,,,,None,,None,,,,,None,,,,,,,
,,Unavailable,Unavailable,1009,,Walking Wake,1009,None,,,,,None,,None,,,,,None,,,,,,,
,,Unavailable,Unavailable,1010,,Iron Leaves,1010,None,,,,,None,,None,,,,,None,,,,,,,
FALSE,FALSE,No,No,1011,,Dipplin,1011,None,,,,,None,,None,,,,,None,,,,,,,
FALSE,FALSE,No,No,1012,,Counterfeit Poltchageist,1012,None,,,,,None,,None,,,,,None,,,,,,,
FALSE,FALSE,No,No,1012,,Masterpiece Poltchageist,1013,None,,,,,None,,None,,,,,None,,,,,,,
FALSE,FALSE,No,No,1013,,Counterfeit Sinistcha,1013,None,,,,,None,,None,,,,,None,,,,,,,
FALSE,FALSE,No,No,1013,,Masterpiece Sinistcha,1013,None,,,,,None,,None,,,,,None,,,,,,,
,,Unavailable,Unavailable,1014,,Okidogi,1014,None,,,,,None,,None,,,,,None,,,,,,,
,,Unavailable,Unavailable,1015,,Munkidori,1015,None,,,,,None,,None,,,,,None,,,,,,,
,,Unavailable,Unavailable,1016,,Fezandipiti,1016,None,,,,,None,,None,,,,,None,,,,,,,
,,Unavailable,Unavailable,1017,,Ogerpon,1017,None,,,,,None,,None,,,,,None,,,,,,,
FALSE,FALSE,No,No,1018,,Archaludon,1018,None,,,,,None,,None,,,,,None,,,,,,,
FALSE,FALSE,No,No,1019,,Hydrapple,1019,None,,,,,None,,None,,,,,None,,,,,,,
,,Unavailable,Unavailable,1020,,Gouging Fire,1020,None,,,,,None,,None,,,,,None,,,,,,,
,,Unavailable,Unavailable,1021,,Raging Bolt,1021,None,,,,,None,,None,,,,,None,,,,,,,
,,Unavailable,Unavailable,1022,,Iron Boulder,1022,None,,,,,None,,None,,,,,None,,,,,,,
,,Unavailable,Unavailable,1023,,Iron Crown,1023,None,,,,,None,,None,,,,,None,,,,,,,
,,Unavailable,Unavailable,1024,,Terapagos,1024,None,,,,,None,,None,,,,,None,,,,,,,
,,Unavailable,Unavailable,1025,,Pecharunt,1025,None,,,,,None,,None,,,,,None,,,,,,,